Fecha,PVPC_Valor,PVPC_Porcentaje,Valor_Mercado_Spot,Porcentaje_Mercado_Spot
2024-03-13T05:00:00.000+01:00,74.35,0.7475366981701186,25.11,0.25246330182988136
2024-03-05T09:00:00.000+01:00,78.43,0.8164688736206538,17.63,0.18353112637934624
2024-03-04T17:00:00.000+01:00,72.24,0.9575821845174973,3.2,0.042417815482502653
2024-03-08T18:00:00.000+01:00,122.89,0.9872268637532133,1.59,0.012773136246786632
2024-03-03T19:00:00.000+01:00,45.1,0.8496608892238132,7.98,0.1503391107761869
2024-03-06T10:00:00.000+01:00,119.97,0.8938976231279337,14.24,0.10610237687206615
2024-03-14T22:00:00.000+01:00,133.14,0.6896658896658897,59.91,0.31033411033411035
2024-03-06T21:00:00.000+01:00,197.4,0.7112232030264817,80.15,0.28877679697351827
2024-03-14T16:00:00.000+01:00,75.45,0.891949403002719,9.14,0.108050596997281
2024-03-30T00:00:00.000+01:00,72.47,0.8723967738052245,10.6,0.1276032261947755
2024-03-04T09:00:00.000+01:00,81.43,0.8444467489370528,15.0,0.1555532510629472
2024-03-16T07:00:00.000+01:00,86.97,0.6990033756630767,37.45,0.30099662433692337
2024-03-13T19:00:00.000+01:00,221.82,0.691890205864005,98.78,0.308109794135995
2024-03-30T21:00:00.000+01:00,65.35,0.800661602548395,16.27,0.199338397451605
2024-03-20T10:00:00.000+01:00,147.14,0.8047473200612558,35.7,0.1952526799387443
2024-03-18T16:00:00.000+01:00,107.7,0.7106096595407759,43.86,0.28939034045922407
2024-03-23T23:00:00.000+01:00,54.55,0.9445887445887445,3.2,0.05541125541125541
2024-03-30T08:00:00.000+01:00,61.49,0.9505333127222138,3.2,0.04946668727778637
2024-03-01T12:00:00.000+01:00,115.99,1.0,0.0,0.0
2024-03-05T05:00:00.000+01:00,48.7,0.8554365009660987,8.23,0.14456349903390128
2024-03-24T02:00:00.000+01:00,62.38,1.0,0.0,0.0
2024-03-08T13:00:00.000+01:00,119.28,1.0,0.0,0.0
2024-03-03T05:00:00.000+01:00,51.97,1.0,0.0,0.0
2024-03-24T05:00:00.000+01:00,68.13,1.0,0.0,0.0
2024-03-29T11:00:00.000+01:00,126.4,0.9939451128410789,0.77,0.006054887158921129
2024-03-17T02:00:00.000+01:00,86.73,0.7752055774043619,25.15,0.22479442259563817
2024-03-15T02:00:00.000+01:00,71.09,0.7468221451833176,24.1,0.2531778548166824
2024-03-21T04:00:00.000+01:00,83.31,0.7097461237008008,34.07,0.2902538762991992
2024-03-06T15:00:00.000+01:00,59.09,0.9380854103826004,3.9,0.06191458961739958
2024-03-02T14:00:00.000+01:00,42.65,0.9997655883731834,0.01,2.3441162681669012E-4
2024-03-12T23:00:00.000+01:00,133.61,0.683077709611452,61.99,0.316922290388548
2024-03-17T12:00:00.000+01:00,43.66,0.9902472215921978,0.43,0.009752778407802223
2024-03-09T14:00:00.000+01:00,42.38,1.0,0.0,0.0
2024-03-02T19:00:00.000+01:00,46.79,0.8521216536150064,8.12,0.14787834638499361
2024-03-18T14:00:00.000+01:00,94.8,0.7303543913713404,35.0,0.26964560862865944
2024-03-23T01:00:00.000+01:00,64.28,0.9549844005348388,3.03,0.04501559946516119
2024-03-12T21:00:00.000+01:00,241.34,0.6718071484244517,117.9,0.3281928515755484
2024-03-12T15:00:00.000+01:00,63.4,0.9934189909119399,0.42,0.006581009088060169
2024-03-19T11:00:00.000+01:00,144.07,0.8033792449673786,35.26,0.19662075503262144
2024-03-19T01:00:00.000+01:00,109.04,0.6263067202757036,65.06,0.37369327972429633
2024-03-07T19:00:00.000+01:00,145.35,0.8548994235972239,24.67,0.14510057640277618
2024-03-06T05:00:00.000+01:00,92.03,0.6479160799774711,50.01,0.35208392002252886
2024-03-09T23:00:00.000+01:00,41.94,0.9952539155196962,0.2,0.004746084480303749
2024-03-21T03:00:00.000+01:00,83.66,0.7100059407621149,34.17,0.2899940592378851
2024-03-14T14:00:00.000+01:00,67.52,0.9507181075753309,3.5,0.04928189242466911
2024-03-21T13:00:00.000+01:00,132.36,0.904345449576387,14.0,0.095654550423613
2024-03-19T07:00:00.000+01:00,145.98,0.5895323479525079,101.64,0.41046765204749214
2024-03-16T19:00:00.000+01:00,136.76,0.6294762036269906,80.5,0.3705237963730093
2024-03-28T13:00:00.000+01:00,122.35,1.0,0.0,0.0
2024-03-04T19:00:00.000+01:00,128.54,0.9017819559421917,14.0,0.09821804405780835
2024-03-16T12:00:00.000+01:00,46.03,0.9349989843591305,3.2,0.06500101564086938
2024-03-08T00:00:00.000+01:00,50.45,0.9403541472506989,3.2,0.05964585274930102
2024-03-20T05:00:00.000+01:00,103.19,0.640176189589925,58.0,0.35982381041007505
2024-03-25T14:00:00.000+01:00,74.65,0.9588953114964676,3.2,0.04110468850353243
2024-03-03T07:00:00.000+01:00,49.05,0.9961413484971569,0.19,0.0038586515028432174
2024-03-25T21:00:00.000+01:00,147.73,0.8353879212847772,29.11,0.16461207871522282
2024-03-20T19:00:00.000+01:00,216.81,0.6908737492830285,97.01,0.30912625071697153
2024-03-02T20:00:00.000+01:00,74.95,0.705743879472693,31.25,0.294256120527307
2024-03-19T16:00:00.000+01:00,98.92,0.735683474639298,35.54,0.26431652536070205
2024-03-26T03:00:00.000+01:00,52.04,0.9811463046757164,1.0,0.01885369532428356
2024-03-16T09:00:00.000+01:00,59.36,0.8007554296506139,14.77,0.19924457034938622
2024-03-15T13:00:00.000+01:00,124.02,0.9188708601911536,10.95,0.08112913980884641
2024-03-18T12:00:00.000+01:00,145.53,0.8061264055835595,35.0,0.19387359441644048
2024-03-02T15:00:00.000+01:00,42.92,0.9997670626601445,0.01,2.3293733985557886E-4
2024-03-09T22:00:00.000+01:00,44.05,0.9322751322751323,3.2,0.06772486772486773
2024-03-10T23:00:00.000+01:00,40.91,0.9975615703486954,0.1,0.00243842965130456
2024-03-26T07:00:00.000+01:00,53.49,0.930422682205601,4.0,0.06957731779439902
2024-03-22T15:00:00.000+01:00,74.33,0.9588493292053664,3.19,0.041150670794633644
2024-03-25T16:00:00.000+01:00,75.23,0.960178685386088,3.12,0.03982131461391193
2024-03-23T22:00:00.000+01:00,53.19,0.9432523497073949,3.2,0.056747650292605076
2024-03-09T08:00:00.000+01:00,42.25,0.9997633696166588,0.01,2.3663038334122103E-4
2024-03-12T13:00:00.000+01:00,112.14,0.9991090520313615,0.1,8.909479686386316E-4
2024-03-10T14:00:00.000+01:00,46.28,1.0,0.0,0.0
2024-03-21T19:00:00.000+01:00,193.03,0.7327563299548266,70.4,0.2672436700451733
2024-03-22T19:00:00.000+01:00,182.62,0.7611703901300433,57.3,0.23882960986995663
2024-03-22T14:00:00.000+01:00,71.49,0.9848463975754237,1.1,0.015153602424576392
2024-03-08T22:00:00.000+01:00,72.32,0.9576271186440678,3.2,0.04237288135593221
2024-03-10T17:00:00.000+01:00,48.97,1.0,0.0,0.0
2024-03-28T14:00:00.000+01:00,72.77,1.0,0.0,0.0
2024-03-29T21:00:00.000+01:00,149.01,0.874317901777856,21.42,0.125682098222144
2024-03-14T07:00:00.000+01:00,138.29,0.6115238347926063,87.85,0.38847616520739364
2024-03-24T15:00:00.000+01:00,50.32,1.0,0.0,0.0
2024-03-30T05:00:00.000+01:00,70.49,0.9463015169821453,4.0,0.05369848301785475
2024-03-25T12:00:00.000+01:00,133.78,0.9163641345297623,12.21,0.08363586547023769
2024-03-18T19:00:00.000+01:00,247.85,0.6644593978713708,125.16,0.33554060212862924
2024-03-21T11:00:00.000+01:00,134.84,0.8864637433436329,17.27,0.11353625665636709
2024-03-06T22:00:00.000+01:00,119.83,0.687532273796546,54.46,0.31246772620345403
2024-03-12T03:00:00.000+01:00,74.2,0.7510121457489878,24.6,0.24898785425101214
2024-03-20T04:00:00.000+01:00,86.59,0.6690102758247701,42.84,0.33098972417522987
2024-03-05T02:00:00.000+01:00,45.61,0.907300576884822,4.66,0.09269942311517805
2024-03-17T04:00:00.000+01:00,88.19,0.77810128815952,25.15,0.22189871184047996
2024-03-12T12:00:00.000+01:00,112.22,0.9986651241434547,0.15,0.001334875856545341
2024-03-28T05:00:00.000+01:00,57.87,1.0,0.0,0.0
2024-03-20T16:00:00.000+01:00,98.71,0.7429625169351197,34.15,0.25703748306488033
2024-03-17T16:00:00.000+01:00,56.0,0.852099817407182,9.72,0.14790018259281804
2024-03-29T20:00:00.000+01:00,142.58,0.8908466104342393,17.47,0.10915338956576069
2024-03-09T13:00:00.000+01:00,42.14,1.0,0.0,0.0
2024-03-24T20:00:00.000+01:00,85.07,0.7085033730323977,35.0,0.29149662696760226
2024-03-04T04:00:00.000+01:00,55.1,0.945273631840796,3.19,0.05472636815920398
2024-03-10T04:00:00.000+01:00,51.41,1.0,0.0,0.0
2024-03-25T03:00:00.000+01:00,96.33,0.7595206181502799,30.5,0.2404793818497201
2024-03-09T20:00:00.000+01:00,46.81,0.930431325780163,3.5,0.069568674219837
2024-03-15T23:00:00.000+01:00,117.47,0.7031605411229498,49.59,0.29683945887705016
2024-03-01T21:00:00.000+01:00,123.86,0.9502838729476752,6.48,0.04971612705232469
2024-03-01T03:00:00.000+01:00,49.73,0.9979931768011238,0.1,0.002006823198876179
2024-03-04T10:00:00.000+01:00,124.41,0.9424286038936445,7.6,0.05757139610635558
2024-03-15T08:00:00.000+01:00,105.93,0.7242581703815124,40.33,0.27574182961848764
2024-03-09T19:00:00.000+01:00,46.43,0.9355228692323191,3.2,0.06447713076768084
2024-03-26T10:00:00.000+01:00,126.36,0.9984197218710493,0.2,0.0015802781289506955
2024-03-11T18:00:00.000+01:00,124.78,0.9577097244608183,5.51,0.042290275539181826
2024-03-26T14:00:00.000+01:00,76.51,1.0,0.0,0.0
2024-03-08T21:00:00.000+01:00,122.46,0.9683694448837578,4.0,0.03163055511624229
2024-03-28T23:00:00.000+01:00,73.38,0.9803607214428858,1.47,0.01963927855711423
2024-03-19T21:00:00.000+01:00,207.69,0.692992992992993,92.01,0.30700700700700706
2024-03-26T17:00:00.000+01:00,74.38,0.9926598158281063,0.55,0.007340184171893769
2024-03-01T09:00:00.000+01:00,70.04,0.9563080283997815,3.2,0.043691971600218454
2024-03-29T00:00:00.000+01:00,58.27,0.9668159946905591,2.0,0.03318400530944085
2024-03-23T10:00:00.000+01:00,49.51,1.0,0.0,0.0
2024-03-25T22:00:00.000+01:00,86.23,0.8337039543652712,17.2,0.16629604563472877
2024-03-03T17:00:00.000+01:00,43.71,1.0,0.0,0.0
2024-03-11T22:00:00.000+01:00,155.05,0.6739839165398827,75.0,0.32601608346011735
2024-03-13T17:00:00.000+01:00,85.69,0.7985276302301743,21.62,0.20147236976982574
2024-03-02T17:00:00.000+01:00,46.57,0.9568522703924388,2.1,0.04314772960756113
2024-03-13T14:00:00.000+01:00,63.69,0.9694063926940638,2.01,0.03059360730593607
2024-03-25T06:00:00.000+01:00,94.18,0.7290602260411828,35.0,0.27093977395881713
2024-03-30T07:00:00.000+01:00,67.85,0.9308547125806008,5.04,0.0691452874193991
2024-03-18T00:00:00.000+01:00,114.3,0.6406232485147404,64.12,0.3593767514852595
2024-03-28T17:00:00.000+01:00,73.63,0.9997284453496267,0.02,2.7155465037338765E-4
2024-03-21T05:00:00.000+01:00,83.36,0.7042919905373437,35.0,0.2957080094626563
2024-03-27T07:00:00.000+01:00,50.15,0.9893470112448215,0.54,0.010652988755178538
2024-03-19T02:00:00.000+01:00,102.85,0.638899242141881,58.13,0.36110075785811907
2024-03-27T03:00:00.000+01:00,52.94,1.0,0.0,0.0
2024-03-03T15:00:00.000+01:00,45.88,1.0,0.0,0.0
2024-03-26T11:00:00.000+01:00,126.51,1.0,0.0,0.0
2024-03-22T23:00:00.000+01:00,86.2,0.8467583497053046,15.6,0.15324165029469547
2024-03-20T03:00:00.000+01:00,95.31,0.6535244103126714,50.53,0.34647558968732856
2024-03-10T09:00:00.000+01:00,44.59,1.0,0.0,0.0
2024-03-04T23:00:00.000+01:00,70.18,0.9200314630309387,6.1,0.07996853696906135
2024-03-12T17:00:00.000+01:00,88.1,0.8142329020332717,20.1,0.1857670979667283
2024-03-31T14:00:00.000+02:00,48.22,1.0,0.0,0.0
2024-03-14T02:00:00.000+01:00,74.17,0.7397028024334297,26.1,0.26029719756657027
2024-03-22T01:00:00.000+01:00,71.51,0.7805916384674162,20.1,0.21940836153258375
2024-03-31T23:00:00.000+02:00,49.76,0.968281766880716,1.63,0.03171823311928391
2024-03-14T10:00:00.000+01:00,147.93,0.8265169292658398,31.05,0.17348307073416022
2024-03-31T22:00:00.000+02:00,50.54,0.9404540379605507,3.2,0.0595459620394492
2024-03-17T00:00:00.000+01:00,93.35,0.7273081417997662,35.0,0.2726918582002337
2024-03-20T06:00:00.000+01:00,113.88,0.6261271167802946,68.0,0.3738728832197053
2024-03-03T01:00:00.000+01:00,47.48,0.9978982765868012,0.1,0.002101723413198823
2024-03-28T10:00:00.000+01:00,124.26,1.0,0.0,0.0
2024-03-08T03:00:00.000+01:00,49.33,0.9989874443094371,0.05,0.0010125556905629812
2024-03-18T17:00:00.000+01:00,113.37,0.703855466567331,47.7,0.29614453343266905
2024-03-09T02:00:00.000+01:00,46.75,1.0,0.0,0.0
2024-03-05T13:00:00.000+01:00,113.55,0.966794380587484,3.9,0.033205619412515965
2024-03-24T13:00:00.000+01:00,48.78,1.0,0.0,0.0
2024-03-10T18:00:00.000+01:00,45.38,1.0,0.0,0.0
2024-03-12T18:00:00.000+01:00,182.11,0.7521166315615578,60.02,0.24788336843844214
2024-03-03T08:00:00.000+01:00,46.38,1.0,0.0,0.0
2024-03-15T05:00:00.000+01:00,69.47,0.7424388158597841,24.1,0.2575611841402159
2024-03-31T21:00:00.000+02:00,49.04,0.9387442572741194,3.2,0.06125574272588055
2024-03-12T05:00:00.000+01:00,75.28,0.7506980454726765,25.0,0.24930195452732348
2024-03-19T18:00:00.000+01:00,189.83,0.7124413586038656,76.62,0.28755864139613435
2024-03-15T15:00:00.000+01:00,74.51,0.8759699035974606,10.55,0.12403009640253938
2024-03-26T15:00:00.000+01:00,76.93,1.0,0.0,0.0
2024-03-22T16:00:00.000+01:00,75.18,0.9573411435120337,3.35,0.042658856487966385
2024-03-01T22:00:00.000+01:00,73.65,0.9364272091544819,5.0,0.06357279084551812
2024-03-09T10:00:00.000+01:00,44.21,0.9903673835125448,0.43,0.009632616487455196
2024-03-02T21:00:00.000+01:00,75.11,0.7105288052218333,30.6,0.2894711947781667
2024-03-18T03:00:00.000+01:00,99.63,0.6709994612068966,48.85,0.3290005387931035
2024-03-31T16:00:00.000+02:00,49.19,1.0,0.0,0.0
2024-03-16T02:00:00.000+01:00,90.67,0.7047256334525105,37.99,0.2952743665474895
2024-03-02T18:00:00.000+01:00,43.97,0.9321602713589145,3.2,0.06783972864108544
2024-03-26T04:00:00.000+01:00,51.98,0.9814954682779456,0.98,0.018504531722054383
2024-03-17T15:00:00.000+01:00,44.64,0.9904592855558021,0.43,0.009540714444197913
2024-03-17T14:00:00.000+01:00,43.51,0.9902139280837505,0.43,0.00978607191624943
2024-03-21T21:00:00.000+01:00,187.79,0.7403508771929825,65.86,0.2596491228070176
2024-03-06T11:00:00.000+01:00,110.74,0.9489288774635819,5.96,0.05107112253641817
2024-03-12T00:00:00.000+01:00,77.04,0.6876115672973938,35.0,0.3123884327026062
2024-03-30T11:00:00.000+01:00,49.21,0.991337630942788,0.43,0.008662369057211926
2024-03-02T06:00:00.000+01:00,44.73,0.9977693508811064,0.1,0.0022306491188935984
2024-03-21T20:00:00.000+01:00,209.06,0.7133692759161946,84.0,0.28663072408380535
2024-03-16T08:00:00.000+01:00,71.21,0.7291624001638337,26.45,0.2708375998361663
2024-03-11T09:00:00.000+01:00,67.93,0.9998528113040918,0.01,1.4718869590815424E-4
2024-03-04T01:00:00.000+01:00,51.75,0.9417652411282984,3.2,0.05823475887170155
2024-03-11T05:00:00.000+01:00,44.55,1.0,0.0,0.0
2024-03-15T14:00:00.000+01:00,74.19,0.8755015341043191,10.55,0.12449846589568092
2024-03-26T00:00:00.000+01:00,52.03,0.942060474379866,3.2,0.057939525620133984
2024-03-22T09:00:00.000+01:00,91.08,0.8199495858840475,20.0,0.18005041411595246
2024-03-19T23:00:00.000+01:00,141.95,0.6509974776427425,76.1,0.34900252235725754
2024-03-23T03:00:00.000+01:00,64.87,0.9598993785143535,2.71,0.040100621485646644
2024-03-05T23:00:00.000+01:00,141.66,0.6603580085772889,72.86,0.3396419914227112
2024-03-25T02:00:00.000+01:00,91.42,0.7638703208556149,28.26,0.236129679144385
2024-03-16T16:00:00.000+01:00,49.25,0.9205607476635514,4.25,0.0794392523364486
2024-03-29T01:00:00.000+01:00,58.15,0.9901242976332368,0.58,0.009875702366763153
2024-03-29T06:00:00.000+01:00,60.11,0.967799066172919,2.0,0.03220093382708099
2024-03-28T04:00:00.000+01:00,58.35,1.0,0.0,0.0
2024-03-14T06:00:00.000+01:00,82.05,0.6901917900403769,36.83,0.30980820995962316
2024-03-29T03:00:00.000+01:00,59.98,0.9917328042328042,0.5,0.008267195767195768
2024-03-23T21:00:00.000+01:00,57.11,0.8883185565406752,7.18,0.11168144345932494
2024-03-09T07:00:00.000+01:00,45.04,1.0,0.0,0.0
2024-03-06T19:00:00.000+01:00,244.19,0.6718483464480274,119.27,0.32815165355197273
2024-03-02T16:00:00.000+01:00,45.96,0.9782886334610472,1.02,0.021711366538952743
2024-03-31T04:00:00.000+02:00,67.81,0.9926804274630362,0.5,0.007319572536963841
2024-03-30T19:00:00.000+01:00,59.06,0.8631978953522362,9.36,0.1368021046477638
2024-03-02T02:00:00.000+01:00,45.79,0.989198531000216,0.5,0.01080146899978397
2024-03-01T13:00:00.000+01:00,115.92,1.0,0.0,0.0
2024-03-09T09:00:00.000+01:00,44.92,0.9971143174250832,0.13,0.002885682574916759
2024-03-15T07:00:00.000+01:00,93.88,0.6438957475994512,51.92,0.35610425240054866
2024-03-25T17:00:00.000+01:00,75.16,0.9591628381827463,3.2,0.040837161817253706
2024-03-13T01:00:00.000+01:00,81.15,0.6986655187257856,35.0,0.30133448127421436
2024-03-30T01:00:00.000+01:00,70.8,0.9140201394268009,6.66,0.08597986057319908
2024-03-11T23:00:00.000+01:00,94.76,0.7840476584477908,26.1,0.21595234155220916
2024-03-07T11:00:00.000+01:00,121.01,0.9742371789710973,3.2,0.025762821028902663
2024-03-16T04:00:00.000+01:00,87.44,0.7141457040182947,35.0,0.2858542959817053
2024-03-19T20:00:00.000+01:00,228.29,0.6748352005675604,110.0,0.32516479943243964
2024-03-08T20:00:00.000+01:00,125.15,0.9543964005185694,5.98,0.04560359948143065
2024-03-26T20:00:00.000+01:00,135.24,0.9061913696060038,14.0,0.09380863039399624
2024-03-24T06:00:00.000+01:00,66.97,0.9998507017020005,0.01,1.492982979994028E-4
2024-03-23T17:00:00.000+01:00,52.05,0.9918064024390244,0.43,0.00819359756097561
2024-03-05T06:00:00.000+01:00,64.81,0.7289393768979868,24.1,0.2710606231020133
2024-03-28T22:00:00.000+01:00,76.35,0.9597737272155876,3.2,0.04022627278441232
2024-03-19T06:00:00.000+01:00,120.39,0.6124535788777535,76.18,0.3875464211222466
2024-03-01T05:00:00.000+01:00,49.66,0.9900318979266348,0.5,0.009968102073365232
2024-03-23T06:00:00.000+01:00,63.84,0.9681528662420383,2.1,0.03184713375796178
2024-03-27T20:00:00.000+01:00,126.11,0.9752532673420462,3.2,0.024746732657953754
2024-03-07T05:00:00.000+01:00,49.53,0.9393134837853214,3.2,0.06068651621467855
2024-03-10T15:00:00.000+01:00,47.05,1.0,0.0,0.0
2024-03-05T08:00:00.000+01:00,130.51,0.6798812252552615,61.45,0.32011877474473854
2024-03-14T23:00:00.000+01:00,102.72,0.7326676176890158,37.48,0.26733238231098433
2024-03-12T02:00:00.000+01:00,72.79,0.7443501380509254,25.0,0.2556498619490745
2024-03-22T05:00:00.000+01:00,78.09,0.7574934523232127,25.0,0.24250654767678725
2024-03-06T04:00:00.000+01:00,83.3,0.6667200256122939,41.64,0.3332799743877061
2024-03-18T22:00:00.000+01:00,144.86,0.6505883409682924,77.8,0.3494116590317075
2024-03-25T08:00:00.000+01:00,138.57,0.7013716657387256,59.0,0.2986283342612745
2024-03-21T14:00:00.000+01:00,80.07,0.8808580858085808,10.83,0.11914191419141916
2024-03-24T07:00:00.000+01:00,66.32,0.9984944293887384,0.1,0.0015055706112616686
2024-03-08T10:00:00.000+01:00,118.7,0.9963904977755392,0.43,0.003609502224460673
2024-03-10T10:00:00.000+01:00,42.54,1.0,0.0,0.0
2024-03-21T07:00:00.000+01:00,101.68,0.6450139558487693,55.96,0.35498604415123064
2024-03-10T22:00:00.000+01:00,43.95,0.9321314952279957,3.2,0.06786850477200423
2024-03-17T11:00:00.000+01:00,43.68,0.9902516436182272,0.43,0.00974835638177284
2024-03-04T13:00:00.000+01:00,120.56,0.9764315218271645,2.91,0.023568478172835507
2024-03-27T05:00:00.000+01:00,52.23,1.0,0.0,0.0
2024-03-05T03:00:00.000+01:00,45.56,0.9011075949367089,5.0,0.09889240506329114
2024-03-21T12:00:00.000+01:00,134.96,0.8940708843988076,15.99,0.10592911560119243
2024-03-25T15:00:00.000+01:00,73.22,0.9721189591078068,2.1,0.02788104089219331
2024-03-09T06:00:00.000+01:00,45.3,1.0,0.0,0.0
2024-03-24T00:00:00.000+01:00,60.89,0.9973791973791974,0.16,0.002620802620802621
2024-03-11T15:00:00.000+01:00,67.72,1.0,0.0,0.0
2024-03-22T13:00:00.000+01:00,122.42,0.9804581130866571,2.44,0.019541886913342944
2024-03-22T03:00:00.000+01:00,71.07,0.8097299760738292,16.7,0.19027002392617068
2024-03-30T15:00:00.000+01:00,50.05,0.9914817749603804,0.43,0.008518225039619652
2024-03-27T16:00:00.000+01:00,79.44,1.0,0.0,0.0
2024-03-28T21:00:00.000+01:00,124.61,0.9749628354588843,3.2,0.02503716454111572
2024-03-22T02:00:00.000+01:00,71.03,0.8050549699648646,17.2,0.1949450300351354
2024-03-30T04:00:00.000+01:00,70.73,0.9567158122548356,3.2,0.04328418774516434
2024-03-22T10:00:00.000+01:00,135.59,0.9033912985542009,14.5,0.09660870144579918
2024-03-07T20:00:00.000+01:00,156.16,0.816907302783009,35.0,0.183092697216991
2024-03-22T07:00:00.000+01:00,100.71,0.6718478985990661,49.19,0.328152101400934
2024-03-05T10:00:00.000+01:00,118.73,0.9368736684289434,8.0,0.06312633157105657
2024-03-13T04:00:00.000+01:00,74.05,0.7495697945136147,24.74,0.2504302054863853
2024-03-13T02:00:00.000+01:00,74.59,0.7407885589432913,26.1,0.25921144105670874
2024-03-07T04:00:00.000+01:00,50.03,0.9398835243283862,3.2,0.06011647567161375
2024-03-03T14:00:00.000+01:00,44.79,1.0,0.0,0.0
2024-03-20T08:00:00.000+01:00,153.62,0.6431113157784569,85.25,0.3568886842215431
2024-03-08T06:00:00.000+01:00,50.88,0.9408284023668638,3.2,0.05917159763313609
2024-03-07T13:00:00.000+01:00,118.47,0.9963835155592935,0.43,0.0036164844407064758
2024-03-21T10:00:00.000+01:00,148.61,0.8320362801634847,30.0,0.1679637198365153
2024-03-25T20:00:00.000+01:00,154.34,0.8151473539664096,35.0,0.18485264603359036
2024-03-02T10:00:00.000+01:00,44.88,0.9639175257731959,1.68,0.03608247422680412
2024-03-20T09:00:00.000+01:00,125.72,0.6705781950074675,61.76,0.32942180499253254
2024-03-18T04:00:00.000+01:00,96.75,0.6776159125928001,46.03,0.32238408740719987
2024-03-15T12:00:00.000+01:00,125.4,0.9098164405426975,12.43,0.09018355945730247
2024-03-08T01:00:00.000+01:00,50.14,0.9883698009067612,0.59,0.011630199093238713
2024-03-12T16:00:00.000+01:00,67.57,0.9574890179963157,3.0,0.04251098200368429
2024-03-27T11:00:00.000+01:00,129.05,1.0,0.0,0.0
2024-03-18T06:00:00.000+01:00,106.42,0.6329625884732053,61.71,0.36703741152679475
2024-03-28T11:00:00.000+01:00,123.88,1.0,0.0,0.0
2024-03-01T19:00:00.000+01:00,122.76,0.9557770165057615,5.68,0.04422298349423855
2024-03-23T19:00:00.000+01:00,51.65,0.9416590701914311,3.2,0.05834092980856882
2024-03-18T20:00:00.000+01:00,234.57,0.6724864539434076,114.24,0.3275135460565924
2024-03-08T23:00:00.000+01:00,71.54,0.9940252883145754,0.43,0.005974711685424482
2024-03-15T06:00:00.000+01:00,76.35,0.6965605327981024,33.26,0.3034394672018977
2024-03-26T22:00:00.000+01:00,73.81,0.9584469549409167,3.2,0.041553045059083235
2024-03-07T22:00:00.000+01:00,85.11,0.8417565028187123,16.0,0.15824349718128772
2024-03-07T07:00:00.000+01:00,58.81,0.80771871995605,14.0,0.19228128004395
2024-03-21T02:00:00.000+01:00,82.88,0.7092854086435602,33.97,0.2907145913564399
2024-03-19T17:00:00.000+01:00,119.16,0.686168374985604,54.5,0.31383162501439593
2024-03-13T21:00:00.000+01:00,210.1,0.7023232492060839,89.05,0.2976767507939161
2024-03-19T14:00:00.000+01:00,96.13,0.7330893006939678,35.0,0.2669106993060322
2024-03-13T10:00:00.000+01:00,123.52,0.9251048532055124,10.0,0.07489514679448772
2024-03-11T11:00:00.000+01:00,117.08,1.0,0.0,0.0
2024-03-21T08:00:00.000+01:00,113.95,0.7168019123104988,45.02,0.28319808768950117
2024-03-08T19:00:00.000+01:00,122.28,0.9744979279566465,3.2,0.025502072043353523
2024-03-12T19:00:00.000+01:00,219.29,0.6889845419127812,98.99,0.3110154580872188
2024-03-23T02:00:00.000+01:00,62.09,0.9857120177806001,0.9,0.014287982219399904
2024-03-10T01:00:00.000+01:00,50.2,1.0,0.0,0.0
2024-03-27T15:00:00.000+01:00,80.4,1.0,0.0,0.0
2024-03-26T08:00:00.000+01:00,78.36,0.9607650809220206,3.2,0.0392349190779794
2024-03-25T23:00:00.000+01:00,83.04,0.8655409631019386,12.9,0.13445903689806127
2024-03-31T11:00:00.000+02:00,52.41,0.9924256769551222,0.4,0.007574323044877865
2024-03-17T10:00:00.000+01:00,54.85,0.8494656961437199,9.72,0.15053430385628
2024-03-29T10:00:00.000+01:00,128.98,0.9930705266399753,0.9,0.006929473360024639
2024-03-27T02:00:00.000+01:00,52.62,0.9998099942998291,0.01,1.9000570017100514E-4
2024-03-04T02:00:00.000+01:00,54.53,0.944569547895375,3.2,0.05543045210462498
2024-03-20T22:00:00.000+01:00,135.0,0.6650246305418719,68.0,0.33497536945812806
2024-03-04T15:00:00.000+01:00,68.99,0.9857122446063723,1.0,0.014287755393627663
2024-03-24T17:00:00.000+01:00,54.67,0.9921960072595282,0.43,0.007803992740471869
2024-03-12T11:00:00.000+01:00,112.82,0.9962030905077263,0.43,0.0037969094922737307
2024-03-22T18:00:00.000+01:00,160.03,0.8205404296774855,35.0,0.17945957032251447
2024-03-23T00:00:00.000+01:00,63.18,0.9517927086471829,3.2,0.04820729135281712
2024-03-15T01:00:00.000+01:00,72.16,0.7262479871175523,27.2,0.27375201288244766
2024-03-18T21:00:00.000+01:00,213.2,0.6898560103543117,95.85,0.3101439896456884
2024-03-15T10:00:00.000+01:00,129.02,0.8936759714622152,15.35,0.10632402853778486
2024-03-08T11:00:00.000+01:00,118.38,1.0,0.0,0.0
2024-03-13T13:00:00.000+01:00,113.66,0.980165574335978,2.3,0.019834425664022076
2024-03-13T12:00:00.000+01:00,115.06,0.9745891919363036,3.0,0.025410808063696427
2024-03-24T11:00:00.000+01:00,49.31,1.0,0.0,0.0
2024-03-31T00:00:00.000+01:00,64.4,0.9526627218934911,3.2,0.047337278106508875
2024-03-27T14:00:00.000+01:00,80.0,1.0,0.0,0.0
2024-03-16T00:00:00.000+01:00,95.41,0.6786400170709154,45.18,0.3213599829290846
2024-03-01T15:00:00.000+01:00,66.43,1.0,0.0,0.0
2024-03-14T12:00:00.000+01:00,125.0,0.9245562130177516,10.2,0.07544378698224852
2024-03-05T19:00:00.000+01:00,251.88,0.6680281129823631,125.17,0.3319718870176369
2024-03-29T08:00:00.000+01:00,83.72,0.9827444535743632,1.47,0.01725554642563681
2024-03-24T21:00:00.000+01:00,86.19,0.7111972935060649,35.0,0.28880270649393514
2024-03-06T23:00:00.000+01:00,80.47,0.7727098137123103,23.67,0.22729018628768966
2024-03-06T16:00:00.000+01:00,62.72,0.9144190115177139,5.87,0.08558098848228604
2024-03-23T18:00:00.000+01:00,52.72,0.9429440171704525,3.19,0.05705598282954749
2024-03-04T12:00:00.000+01:00,121.09,0.9742537613645507,3.2,0.025746238635449354
2024-03-22T00:00:00.000+01:00,75.6,0.7514910536779323,25.0,0.2485089463220676
2024-03-31T18:00:00.000+02:00,52.01,1.0,0.0,0.0
2024-03-18T07:00:00.000+01:00,139.52,0.5957301451750641,94.68,0.40426985482493594
2024-03-10T06:00:00.000+01:00,50.68,1.0,0.0,0.0
2024-03-15T18:00:00.000+01:00,154.73,0.7945873773943408,40.0,0.20541262260565912
2024-03-05T21:00:00.000+01:00,220.72,0.6900950475237618,99.12,0.3099049524762381
2024-03-05T22:00:00.000+01:00,156.1,0.6463500476170759,85.41,0.3536499523829241
2024-03-04T07:00:00.000+01:00,66.12,0.7677659080352996,20.0,0.2322340919647004
2024-03-23T04:00:00.000+01:00,64.56,0.9692238402642246,2.05,0.030776159735775407
2024-03-16T05:00:00.000+01:00,93.8,0.6949692524264651,41.17,0.3050307475735349
2024-03-17T18:00:00.000+01:00,86.9,0.7128794093519278,35.0,0.28712059064807216
2024-03-05T16:00:00.000+01:00,67.61,0.9206154684095861,5.83,0.07938453159041395
2024-03-01T02:00:00.000+01:00,51.01,0.9960945127904706,0.2,0.003905487209529389
2024-03-28T20:00:00.000+01:00,123.42,0.9747275311957037,3.2,0.02527246880429632
2024-03-21T15:00:00.000+01:00,78.75,0.8812667860340198,10.61,0.1187332139659803
2024-03-30T23:00:00.000+01:00,51.8,0.938745922435665,3.38,0.0612540775643349
2024-03-21T18:00:00.000+01:00,150.52,0.8113410952996981,35.0,0.18865890470030183
2024-03-02T01:00:00.000+01:00,45.55,0.9579390115667719,2.0,0.04206098843322818
2024-03-16T10:00:00.000+01:00,54.14,0.8375618811881188,10.5,0.1624381188118812
2024-03-11T01:00:00.000+01:00,44.83,1.0,0.0,0.0
2024-03-24T23:00:00.000+01:00,88.23,0.715978252049014,35.0,0.28402174795098595
2024-03-14T09:00:00.000+01:00,101.56,0.7437024018746339,35.0,0.2562975981253661
2024-03-01T17:00:00.000+01:00,69.09,0.9879879879879879,0.84,0.01201201201201201
2024-03-25T11:00:00.000+01:00,135.32,0.9105100255685641,13.3,0.08948997443143587
2024-03-27T17:00:00.000+01:00,78.31,1.0,0.0,0.0
2024-03-15T09:00:00.000+01:00,88.12,0.7852432721440029,24.1,0.21475672785599717
2024-03-04T03:00:00.000+01:00,55.46,0.9454483464030004,3.2,0.05455165359699966
2024-03-19T12:00:00.000+01:00,144.43,0.8049378587750098,35.0,0.19506214122499024
2024-03-21T01:00:00.000+01:00,82.17,0.7044753086419753,34.47,0.29552469135802467
2024-03-11T07:00:00.000+01:00,46.38,0.9032132424537488,4.97,0.09678675754625121
2024-03-07T15:00:00.000+01:00,69.13,0.9938182863714777,0.43,0.006181713628522139
2024-03-12T01:00:00.000+01:00,71.76,0.7244094488188977,27.3,0.2755905511811024
2024-03-29T18:00:00.000+01:00,131.45,0.9762346825102117,3.2,0.023765317489788346
2024-03-05T11:00:00.000+01:00,114.29,0.9613087728152074,4.6,0.03869122718479266
2024-03-04T14:00:00.000+01:00,69.29,0.9763280259264477,1.68,0.0236719740735522
2024-03-30T06:00:00.000+01:00,71.03,0.9221082695053875,6.0,0.07789173049461248
2024-03-02T03:00:00.000+01:00,44.73,0.9997764863656684,0.01,2.2351363433169427E-4
2024-03-30T17:00:00.000+01:00,53.73,0.9733695652173914,1.47,0.026630434782608698
2024-03-31T12:00:00.000+02:00,50.38,1.0,0.0,0.0
2024-03-07T02:00:00.000+01:00,51.41,0.9360888565185725,3.51,0.06391114348142753
2024-03-04T16:00:00.000+01:00,71.03,0.9682388222464559,2.33,0.031761177753544166
2024-03-31T13:00:00.000+02:00,48.44,1.0,0.0,0.0
2024-03-11T20:00:00.000+01:00,217.65,0.7121588901249918,87.97,0.28784110987500816
2024-03-28T02:00:00.000+01:00,59.01,1.0,0.0,0.0
2024-03-13T23:00:00.000+01:00,127.11,0.6883088752910597,57.56,0.3116911247089403
2024-03-08T15:00:00.000+01:00,70.04,1.0,0.0,0.0
2024-03-20T12:00:00.000+01:00,146.94,0.8154273029966704,33.26,0.18457269700332962
2024-03-06T03:00:00.000+01:00,92.48,0.6490280019650502,50.01,0.3509719980349498
2024-03-30T09:00:00.000+01:00,53.53,0.9816614707500458,1.0,0.018338529249954154
2024-03-16T18:00:00.000+01:00,94.6,0.7592295345104334,30.0,0.24077046548956663
2024-03-09T12:00:00.000+01:00,42.68,1.0,0.0,0.0
2024-03-07T06:00:00.000+01:00,49.7,0.9104231544238871,4.89,0.08957684557611283
2024-03-19T00:00:00.000+01:00,111.19,0.6165918039150446,69.14,0.3834081960849554
2024-03-10T20:00:00.000+01:00,46.59,0.9357300662783691,3.2,0.06426993372163084
2024-03-08T17:00:00.000+01:00,73.75,0.9683560924369748,2.41,0.031643907563025216
2024-03-20T13:00:00.000+01:00,139.45,0.8377891258636228,27.0,0.1622108741363773
2024-03-27T01:00:00.000+01:00,49.26,0.9885611077664058,0.57,0.01143889223359422
2024-03-31T19:00:00.000+02:00,51.5,1.0,0.0,0.0
2024-03-06T12:00:00.000+01:00,108.88,0.9639663567950421,4.07,0.03603364320495795
2024-03-03T12:00:00.000+01:00,45.03,1.0,0.0,0.0
2024-03-13T16:00:00.000+01:00,67.06,0.9544548818673498,3.2,0.04554511813265016
2024-03-19T04:00:00.000+01:00,96.41,0.645271400843317,53.0,0.354728599156683
2024-03-21T22:00:00.000+01:00,118.9,0.7124026363091672,48.0,0.28759736369083283
2024-03-03T11:00:00.000+01:00,45.17,1.0,0.0,0.0
2024-03-29T15:00:00.000+01:00,76.18,0.9947767041002872,0.4,0.005223295899712719
2024-03-10T03:00:00.000+01:00,50.56,1.0,0.0,0.0
2024-03-29T09:00:00.000+01:00,83.2,0.9881235154394299,1.0,0.011876484560570071
2024-03-09T03:00:00.000+01:00,45.72,1.0,0.0,0.0
2024-03-14T01:00:00.000+01:00,77.05,0.7127659574468085,31.05,0.2872340425531915
2024-03-24T14:00:00.000+01:00,48.83,1.0,0.0,0.0
2024-03-13T09:00:00.000+01:00,85.86,0.7954419121734297,22.08,0.2045580878265703
2024-03-16T11:00:00.000+01:00,47.79,0.8981394474722796,5.42,0.10186055252772035
2024-03-09T21:00:00.000+01:00,43.97,0.9321602713589145,3.2,0.06783972864108544
2024-03-31T06:00:00.000+02:00,68.61,0.9913307325530993,0.6,0.008669267446900737
2024-03-22T04:00:00.000+01:00,73.63,0.7957419215389603,18.9,0.20425807846103963
2024-03-17T22:00:00.000+01:00,127.24,0.6383064111568175,72.1,0.36169358884318253
2024-03-07T00:00:00.000+01:00,59.65,0.8084846841962591,14.13,0.19151531580374087
2024-03-28T01:00:00.000+01:00,55.83,1.0,0.0,0.0
2024-03-11T10:00:00.000+01:00,117.43,1.0,0.0,0.0
2024-03-25T07:00:00.000+01:00,133.56,0.6380966031245521,75.75,0.36190339687544787
2024-03-23T14:00:00.000+01:00,46.04,1.0,0.0,0.0
2024-03-06T18:00:00.000+01:00,151.13,0.7839912849509779,41.64,0.21600871504902217
2024-03-25T00:00:00.000+01:00,97.48,0.7358091787439612,35.0,0.2641908212560386
2024-03-11T14:00:00.000+01:00,67.28,1.0,0.0,0.0
2024-03-04T05:00:00.000+01:00,54.22,0.9442702890978752,3.2,0.055729710902124696
2024-03-26T18:00:00.000+01:00,124.03,0.984130762516861,2.0,0.015869237483138936
2024-03-01T01:00:00.000+01:00,50.48,0.9901922322479404,0.5,0.009807767752059632
2024-03-18T13:00:00.000+01:00,144.85,0.8053933833750347,35.0,0.19460661662496526
2024-03-15T21:00:00.000+01:00,237.32,0.6832891857652885,110.0,0.31671081423471154
2024-03-19T15:00:00.000+01:00,95.61,0.7320266442079473,35.0,0.26797335579205267
2024-03-20T01:00:00.000+01:00,116.28,0.6290505815526103,68.57,0.37094941844738977
2024-03-29T19:00:00.000+01:00,131.4,0.9506583707133556,6.82,0.049341629286644484
2024-03-16T21:00:00.000+01:00,129.02,0.6375450906754954,73.35,0.3624549093245046
2024-03-28T19:00:00.000+01:00,122.63,0.9745688627513311,3.2,0.025431137248668842
2024-03-11T19:00:00.000+01:00,197.2,0.7380239520958084,70.0,0.26197604790419166
2024-03-13T18:00:00.000+01:00,195.97,0.7194727953594243,76.41,0.2805272046405757
2024-03-12T20:00:00.000+01:00,309.82,0.6406004466131834,173.82,0.3593995533868166
2024-03-01T11:00:00.000+01:00,116.28,1.0,0.0,0.0
2024-03-28T09:00:00.000+01:00,74.2,1.0,0.0,0.0
2024-03-26T05:00:00.000+01:00,51.75,0.9814147544092547,0.98,0.018585245590745307
2024-03-06T14:00:00.000+01:00,58.69,0.9381393861892583,3.87,0.0618606138107417
2024-03-06T06:00:00.000+01:00,108.57,0.6230703012912482,65.68,0.3769296987087518
2024-03-29T22:00:00.000+01:00,91.26,0.8508297594629871,16.0,0.14917024053701286
2024-03-14T19:00:00.000+01:00,212.21,0.7120424118377345,85.82,0.2879575881622655
2024-03-02T12:00:00.000+01:00,43.34,1.0,0.0,0.0
2024-03-08T08:00:00.000+01:00,73.38,0.9483070560868442,4.0,0.051692943913155855
2024-03-27T13:00:00.000+01:00,129.84,1.0,0.0,0.0
2024-03-22T22:00:00.000+01:00,102.77,0.7789736981732737,29.16,0.22102630182672628
2024-03-11T03:00:00.000+01:00,45.41,1.0,0.0,0.0
2024-03-14T00:00:00.000+01:00,81.38,0.6846710415615009,37.48,0.31532895843849906
2024-03-08T16:00:00.000+01:00,71.1,1.0,0.0,0.0
2024-03-20T17:00:00.000+01:00,96.66,0.73177379059732,35.43,0.26822620940268
2024-03-17T06:00:00.000+01:00,83.71,0.7960251046025104,21.45,0.20397489539748953
2024-03-07T14:00:00.000+01:00,68.82,0.9937906137184115,0.43,0.006209386281588448
2024-03-21T09:00:00.000+01:00,103.34,0.747000144571346,35.0,0.25299985542865405
2024-03-19T13:00:00.000+01:00,144.89,0.8054366557340596,35.0,0.19456334426594032
2024-03-06T13:00:00.000+01:00,108.33,0.9652499331729484,3.9,0.03475006682705159
2024-03-22T12:00:00.000+01:00,124.54,0.9738056141997029,3.35,0.02619438580029713
2024-03-20T07:00:00.000+01:00,132.81,0.6004340160043402,88.38,0.39956598399565985
2024-03-03T21:00:00.000+01:00,73.55,0.7061929908785405,30.6,0.2938070091214594
2024-03-28T03:00:00.000+01:00,58.11,1.0,0.0,0.0
2024-03-02T05:00:00.000+01:00,46.1,1.0,0.0,0.0
2024-03-22T06:00:00.000+01:00,86.54,0.7120289616587132,35.0,0.2879710383412868
2024-03-14T13:00:00.000+01:00,123.5,0.9310916767189386,9.14,0.06890832328106153
2024-03-16T14:00:00.000+01:00,42.78,0.9771585198720877,1.0,0.02284148012791229
2024-03-05T01:00:00.000+01:00,42.78,0.90177065767285,4.66,0.0982293423271501
2024-03-30T18:00:00.000+01:00,54.29,0.939435888562035,3.5,0.06056411143796505
2024-03-20T02:00:00.000+01:00,108.69,0.6413524517613737,60.78,0.3586475482386263
2024-03-02T08:00:00.000+01:00,47.36,0.956188168786594,2.17,0.04381183121340602
2024-03-29T13:00:00.000+01:00,126.2,0.9960536700868192,0.5,0.003946329913180742
2024-03-25T01:00:00.000+01:00,91.55,0.7531879884821061,30.0,0.24681201151789386
2024-03-16T22:00:00.000+01:00,101.57,0.665465504815567,51.06,0.33453449518443296
2024-03-18T01:00:00.000+01:00,99.77,0.6648230825614713,50.3,0.3351769174385287
2024-03-18T15:00:00.000+01:00,96.51,0.7310809787137339,35.5,0.2689190212862662
2024-03-12T06:00:00.000+01:00,109.8,0.646566953244612,60.02,0.3534330467553881
2024-03-05T18:00:00.000+01:00,164.28,0.7648400763536478,50.51,0.23515992364635224
2024-03-24T18:00:00.000+01:00,55.2,0.9452054794520548,3.2,0.0547945205479452
2024-03-02T07:00:00.000+01:00,44.48,0.9549162730785745,2.1,0.04508372692142551
2024-03-28T15:00:00.000+01:00,73.14,1.0,0.0,0.0
2024-03-02T11:00:00.000+01:00,43.57,0.9997705369435521,0.01,2.294630564479119E-4
2024-03-04T06:00:00.000+01:00,51.6,0.9416058394160584,3.2,0.058394160583941604
2024-03-20T21:00:00.000+01:00,195.92,0.7119962205182252,79.25,0.28800377948177497
2024-03-13T00:00:00.000+01:00,100.98,0.6470173640033319,55.09,0.3529826359966682
2024-03-11T16:00:00.000+01:00,68.96,1.0,0.0,0.0
2024-03-11T12:00:00.000+01:00,116.79,1.0,0.0,0.0
2024-03-26T16:00:00.000+01:00,77.0,1.0,0.0,0.0
2024-03-24T16:00:00.000+01:00,53.83,1.0,0.0,0.0
2024-03-20T18:00:00.000+01:00,174.05,0.7404177479048794,61.02,0.2595822520951206
2024-03-23T15:00:00.000+01:00,46.45,1.0,0.0,0.0
2024-03-17T03:00:00.000+01:00,87.54,0.7768213683556661,25.15,0.22317863164433402
2024-03-02T04:00:00.000+01:00,46.32,0.9997841571336068,0.01,2.1584286639326572E-4
2024-03-18T05:00:00.000+01:00,93.51,0.6786414108425864,44.28,0.32135858915741344
2024-03-13T03:00:00.000+01:00,72.86,0.7514438943894389,24.1,0.24855610561056105
2024-03-08T02:00:00.000+01:00,50.59,0.9931291715744013,0.35,0.006870828425598743
2024-03-09T00:00:00.000+01:00,44.98,0.9997777283840854,0.01,2.2227161591464772E-4
2024-03-15T00:00:00.000+01:00,78.74,0.6924632837921028,34.97,0.3075367162078973
2024-03-24T04:00:00.000+01:00,66.25,1.0,0.0,0.0
2024-03-03T09:00:00.000+01:00,43.24,1.0,0.0,0.0
2024-03-01T06:00:00.000+01:00,48.89,0.9421853921757564,3.0,0.057814607824243594
2024-03-22T20:00:00.000+01:00,179.45,0.7689505934781676,53.92,0.23104940652183228
2024-03-03T18:00:00.000+01:00,38.48,0.9491859891465219,2.06,0.05081401085347805
2024-03-01T14:00:00.000+01:00,66.34,1.0,0.0,0.0
2024-03-31T09:00:00.000+02:00,56.78,0.9912709497206704,0.5,0.008729050279329608
2024-03-24T10:00:00.000+01:00,50.18,1.0,0.0,0.0
2024-03-14T08:00:00.000+01:00,144.37,0.6734617717031302,70.0,0.3265382282968699
2024-03-10T08:00:00.000+01:00,50.21,1.0,0.0,0.0
2024-03-16T15:00:00.000+01:00,43.01,0.9901012891344383,0.43,0.009898710865561695
2024-03-10T02:00:00.000+01:00,50.02,1.0,0.0,0.0
2024-03-25T13:00:00.000+01:00,125.05,0.9690042619139867,4.0,0.03099573808601317
2024-03-16T20:00:00.000+01:00,138.78,0.626857581643254,82.61,0.37314241835674605
2024-03-06T09:00:00.000+01:00,82.06,0.7664860825705212,25.0,0.2335139174294788
2024-03-26T23:00:00.000+01:00,73.15,0.9774184927846072,1.69,0.022581507215392836
2024-03-26T01:00:00.000+01:00,54.53,0.9447331947331947,3.19,0.05526680526680527
2024-03-15T17:00:00.000+01:00,90.81,0.7841291771004231,25.0,0.21587082289957688
2024-03-12T04:00:00.000+01:00,75.07,0.75017487758569,25.0,0.24982512241431
2024-03-18T23:00:00.000+01:00,136.11,0.6587455231826542,70.51,0.3412544768173459
2024-03-03T20:00:00.000+01:00,71.31,0.706669309285502,29.6,0.2933306907144981
2024-03-09T15:00:00.000+01:00,43.04,1.0,0.0,0.0
2024-03-09T18:00:00.000+01:00,44.61,0.9955367105556795,0.2,0.004463289444320465
2024-03-31T07:00:00.000+02:00,67.58,0.9926556991774383,0.5,0.007344300822561692
2024-03-26T12:00:00.000+01:00,126.82,1.0,0.0,0.0
2024-03-29T23:00:00.000+01:00,91.98,0.8586631814787155,15.14,0.14133681852128455
2024-03-18T08:00:00.000+01:00,164.8,0.6356798457087753,94.45,0.3643201542912247
2024-03-17T07:00:00.000+01:00,84.89,0.779594085774635,24.0,0.22040591422536504
2024-03-08T14:00:00.000+01:00,69.61,1.0,0.0,0.0
2024-03-26T13:00:00.000+01:00,126.41,1.0,0.0,0.0
2024-03-08T09:00:00.000+01:00,71.34,0.9570700295143547,3.2,0.04292997048564529
2024-03-27T18:00:00.000+01:00,125.62,0.9965886552955175,0.43,0.003411344704482348
2024-03-13T07:00:00.000+01:00,136.68,0.6082506341506831,88.03,0.3917493658493169
2024-03-07T09:00:00.000+01:00,72.92,0.9274993640295089,5.7,0.07250063597049097
2024-03-07T23:00:00.000+01:00,73.29,0.9322055456626813,5.33,0.06779445433731875
2024-03-29T04:00:00.000+01:00,60.41,0.9906526730075434,0.57,0.009347326992456544
2024-03-10T16:00:00.000+01:00,48.06,1.0,0.0,0.0
2024-03-24T19:00:00.000+01:00,66.37,0.7989647285421934,16.7,0.20103527145780664
2024-03-11T17:00:00.000+01:00,70.17,1.0,0.0,0.0
2024-03-19T09:00:00.000+01:00,121.32,0.6760657564781276,58.13,0.32393424352187244
2024-03-07T21:00:00.000+01:00,151.09,0.8343365177536032,30.0,0.16566348224639682
2024-03-20T15:00:00.000+01:00,91.93,0.7621455811639861,28.69,0.23785441883601394
2024-03-27T00:00:00.000+01:00,51.47,0.9414669837205047,3.2,0.058533016279495156
2024-03-28T16:00:00.000+01:00,73.98,1.0,0.0,0.0
2024-03-27T09:00:00.000+01:00,75.43,0.9982795129698253,0.13,0.0017204870301746956
2024-03-27T04:00:00.000+01:00,52.96,1.0,0.0,0.0
2024-03-12T07:00:00.000+01:00,138.51,0.6066751346852962,89.8,0.3933248653147037
2024-03-09T04:00:00.000+01:00,45.95,1.0,0.0,0.0
2024-03-01T00:00:00.000+01:00,51.08,0.9592488262910798,2.17,0.04075117370892019
2024-03-28T08:00:00.000+01:00,74.99,0.9974727321096036,0.19,0.002527267890396382
2024-03-15T04:00:00.000+01:00,65.85,0.7591653216509108,20.89,0.24083467834908925
2024-03-24T22:00:00.000+01:00,87.27,0.7137482620430196,35.0,0.28625173795698045
2024-03-23T12:00:00.000+01:00,46.4,1.0,0.0,0.0
2024-03-12T14:00:00.000+01:00,62.51,0.9984028110525475,0.1,0.0015971889474524837
2024-03-30T16:00:00.000+01:00,52.62,0.9905873493975904,0.5,0.00941265060240964
2024-03-17T09:00:00.000+01:00,61.29,0.8438661710037175,11.34,0.15613382899628253
2024-03-10T11:00:00.000+01:00,46.66,1.0,0.0,0.0
2024-03-21T16:00:00.000+01:00,84.53,0.8410108446920704,15.98,0.15898915530792956
2024-03-22T21:00:00.000+01:00,156.79,0.8175087335106106,35.0,0.18249126648938943
2024-03-15T22:00:00.000+01:00,147.81,0.663688204391361,74.9,0.33631179560863905
2024-03-22T08:00:00.000+01:00,107.37,0.7541616913675634,35.0,0.2458383086324366
2024-03-24T03:00:00.000+01:00,66.99,1.0,0.0,0.0
2024-03-01T18:00:00.000+01:00,121.8,0.9740103958416634,3.25,0.025989604158336666
2024-03-10T21:00:00.000+01:00,47.69,0.937119276871684,3.2,0.06288072312831598
2024-03-05T14:00:00.000+01:00,63.89,0.9424693907655995,3.9,0.05753060923440035
2024-03-14T17:00:00.000+01:00,88.53,0.803066037735849,21.71,0.19693396226415094
2024-03-19T05:00:00.000+01:00,101.93,0.6343269649635945,58.76,0.36567303503640547
2024-03-03T16:00:00.000+01:00,48.44,1.0,0.0,0.0
2024-03-12T09:00:00.000+01:00,84.05,0.8077847188851514,20.0,0.19221528111484865
2024-03-17T08:00:00.000+01:00,62.15,0.8467302452316076,11.25,0.15326975476839236
2024-03-01T04:00:00.000+01:00,49.81,0.9997992773986352,0.01,2.007226013649137E-4
2024-03-19T10:00:00.000+01:00,146.99,0.7976881749606556,37.28,0.20231182503934445
2024-03-25T09:00:00.000+01:00,111.63,0.7613039623542249,35.0,0.2386960376457751
2024-03-18T18:00:00.000+01:00,186.86,0.7178364258000077,73.45,0.28216357419999233
2024-03-27T08:00:00.000+01:00,76.05,0.9943776150627615,0.43,0.005622384937238494
2024-03-28T18:00:00.000+01:00,123.23,0.9951546475006057,0.6,0.00484535249939433
2024-03-29T02:00:00.000+01:00,59.2,0.9912926992632284,0.52,0.0087073007367716
2024-03-06T08:00:00.000+01:00,183.29,0.6277269769512654,108.7,0.37227302304873455
2024-03-31T20:00:00.000+02:00,51.25,0.9680770683792974,1.69,0.031922931620702685
2024-03-29T17:00:00.000+01:00,78.17,0.99364433710436,0.5,0.006355662895640015
2024-03-31T01:00:00.000+01:00,66.77,0.9761695906432749,1.63,0.023830409356725146
2024-03-16T06:00:00.000+01:00,100.96,0.6764942374698472,48.28,0.3235057625301528
2024-03-06T07:00:00.000+01:00,155.16,0.5926661573720396,106.64,0.40733384262796024
2024-03-14T21:00:00.000+01:00,185.29,0.7468660566729817,62.8,0.25313394332701844
2024-03-27T23:00:00.000+01:00,77.22,0.9984484096198603,0.12,0.0015515903801396431
2024-03-02T00:00:00.000+01:00,45.63,0.9344665164857668,3.2,0.06553348351423305
2024-03-19T03:00:00.000+01:00,100.01,0.6403098789935335,56.18,0.35969012100646647
2024-03-31T15:00:00.000+02:00,48.61,1.0,0.0,0.0
2024-03-31T03:00:00.000+02:00,67.24,0.9926188367286685,0.5,0.007381163271331563
2024-03-30T12:00:00.000+01:00,49.8,0.9914393788572566,0.43,0.00856062114274338
2024-03-18T02:00:00.000+01:00,99.48,0.6706667565563271,48.85,0.3293332434436729
2024-03-15T11:00:00.000+01:00,127.79,0.894637356482778,15.05,0.10536264351722206
2024-03-28T00:00:00.000+01:00,54.84,0.9927588703837799,0.4,0.00724112961622013
2024-03-07T12:00:00.000+01:00,120.0,0.9836065573770492,2.0,0.01639344262295082
2024-03-23T08:00:00.000+01:00,53.23,0.9919865821841223,0.43,0.00801341781587775
2024-03-05T00:00:00.000+01:00,42.99,0.8538232373386296,7.36,0.14617676266137042
2024-03-20T14:00:00.000+01:00,89.65,0.7666980244590781,27.28,0.2333019755409219
2024-03-10T12:00:00.000+01:00,46.54,1.0,0.0,0.0
2024-03-04T08:00:00.000+01:00,93.71,0.7894027461881897,25.0,0.2105972538118103
2024-03-16T03:00:00.000+01:00,87.84,0.7117160913952358,35.58,0.2882839086047642
2024-03-17T20:00:00.000+01:00,132.3,0.6294305152481089,77.89,0.37056948475189116
2024-03-30T22:00:00.000+01:00,54.34,0.8908196721311475,6.66,0.10918032786885246
2024-03-15T16:00:00.000+01:00,80.23,0.8411616691130216,15.15,0.15883833088697838
2024-03-22T17:00:00.000+01:00,86.84,0.8552294662202088,14.7,0.1447705337797912
2024-03-01T20:00:00.000+01:00,127.87,0.9267956802203378,10.1,0.07320431977966224
2024-03-29T16:00:00.000+01:00,79.44,0.9949899799599198,0.4,0.00501002004008016
2024-03-30T20:00:00.000+01:00,64.78,0.7950417280314187,16.7,0.20495827196858124
2024-03-10T00:00:00.000+01:00,49.34,1.0,0.0,0.0
2024-03-23T09:00:00.000+01:00,50.25,1.0,0.0,0.0
2024-03-07T03:00:00.000+01:00,49.98,0.9398270026325686,3.2,0.06017299736743137
2024-03-25T10:00:00.000+01:00,143.94,0.8780041478589727,20.0,0.1219958521410272
2024-03-13T08:00:00.000+01:00,160.83,0.6496344468231208,86.74,0.35036555317687923
2024-03-23T07:00:00.000+01:00,61.65,0.964034401876466,2.3,0.03596559812353401
2024-03-04T20:00:00.000+01:00,141.31,0.8496783115867957,25.0,0.15032168841320426
2024-03-03T22:00:00.000+01:00,54.23,0.7948116664223949,14.0,0.2051883335776052
2024-03-01T10:00:00.000+01:00,117.96,1.0,0.0,0.0
2024-03-23T16:00:00.000+01:00,51.27,1.0,0.0,0.0
2024-03-04T11:00:00.000+01:00,120.77,0.9741873033798499,3.2,0.02581269662015004
2024-03-19T08:00:00.000+01:00,164.76,0.632160534090473,95.87,0.36783946590952693
2024-03-04T21:00:00.000+01:00,133.31,0.8811553969198229,17.98,0.11884460308017715
2024-03-14T18:00:00.000+01:00,151.21,0.8120401697008753,35.0,0.18795983029912464
2024-03-24T01:00:00.000+01:00,62.93,1.0,0.0,0.0
2024-03-13T06:00:00.000+01:00,105.27,0.6465819052883729,57.54,0.35341809471162705
2024-03-27T22:00:00.000+01:00,77.65,0.9625635304326268,3.02,0.037436469567373246
2024-03-24T09:00:00.000+01:00,56.53,1.0,0.0,0.0
2024-03-27T10:00:00.000+01:00,127.51,1.0,0.0,0.0
2024-03-09T16:00:00.000+01:00,43.95,1.0,0.0,0.0
2024-03-28T07:00:00.000+01:00,52.77,0.9935981924308039,0.34,0.006401807569196008
2024-03-06T00:00:00.000+01:00,114.31,0.6168582375478927,71.0,0.3831417624521073
2024-03-03T13:00:00.000+01:00,44.71,1.0,0.0,0.0
2024-03-16T13:00:00.000+01:00,44.91,0.9334857617958844,3.2,0.06651423820411557
2024-03-07T01:00:00.000+01:00,51.07,0.9126161543959971,4.89,0.08738384560400285
2024-03-05T12:00:00.000+01:00,113.95,0.9660873251377703,4.0,0.03391267486222976
2024-03-21T06:00:00.000+01:00,80.84,0.6978591160220995,35.0,0.30214088397790057
2024-03-26T21:00:00.000+01:00,127.63,0.9444978909198549,7.5,0.055502109080145044
2024-03-12T22:00:00.000+01:00,138.63,0.6627623464167901,70.54,0.33723765358320984
2024-03-07T10:00:00.000+01:00,122.14,0.9690574420818787,3.9,0.03094255791812123
2024-03-30T03:00:00.000+01:00,70.38,0.9565099211742321,3.2,0.04349007882576787
2024-03-26T06:00:00.000+01:00,53.18,0.9432422844980489,3.2,0.05675771550195105
2024-03-08T12:00:00.000+01:00,119.18,1.0,0.0,0.0
2024-03-17T13:00:00.000+01:00,43.35,0.9901781635449978,0.43,0.009821836455002285
2024-03-13T20:00:00.000+01:00,263.79,0.6626058124638919,134.32,0.33739418753610806
2024-03-25T19:00:00.000+01:00,139.37,0.8743961352657005,20.02,0.1256038647342995
2024-03-01T23:00:00.000+01:00,74.41,0.9514128628052679,3.8,0.048587137194732136
2024-03-28T06:00:00.000+01:00,56.13,0.9996438112199465,0.02,3.561887800534283E-4
2024-03-07T18:00:00.000+01:00,124.77,0.9579270633397312,5.48,0.04207293666026872
2024-03-01T07:00:00.000+01:00,47.65,0.9361493123772102,3.25,0.06385068762278978
2024-03-11T21:00:00.000+01:00,204.99,0.7278699002236978,76.64,0.27213009977630226
2024-03-19T22:00:00.000+01:00,147.79,0.6438529232377799,81.75,0.3561470767622201
2024-03-22T11:00:00.000+01:00,128.18,0.9482171918922918,7.0,0.05178280810770824
2024-03-29T07:00:00.000+01:00,60.29,0.9510963874428143,3.1,0.04890361255718568
2024-03-14T15:00:00.000+01:00,67.67,0.9548469027797375,3.2,0.04515309722026245
2024-03-17T01:00:00.000+01:00,91.52,0.7531270572745227,30.0,0.2468729427254773
2024-03-30T10:00:00.000+01:00,51.03,0.9887618678550669,0.58,0.011238132144933152
2024-03-21T17:00:00.000+01:00,94.17,0.7829882763781492,26.1,0.21701172362185084
2024-03-13T11:00:00.000+01:00,115.48,0.9730367374452309,3.2,0.026963262554769128
2024-03-04T22:00:00.000+01:00,77.36,0.8608947251279768,12.5,0.13910527487202315
2024-03-12T08:00:00.000+01:00,147.01,0.6621773793973245,75.0,0.3378226206026756
2024-03-15T03:00:00.000+01:00,68.47,0.7436732920603889,23.6,0.2563267079396112
2024-03-31T10:00:00.000+02:00,52.81,0.990620896642281,0.5,0.009379103357719002
2024-03-31T08:00:00.000+02:00,62.16,0.9904397705544933,0.6,0.009560229445506692
2024-03-18T09:00:00.000+01:00,115.46,0.6869756649015292,52.61,0.3130243350984709
2024-03-09T01:00:00.000+01:00,46.14,1.0,0.0,0.0
2024-03-27T19:00:00.000+01:00,126.37,0.9755287941948434,3.17,0.024471205805156708
2024-03-06T20:00:00.000+01:00,225.05,0.6844586374695864,103.75,0.3155413625304136
2024-03-13T22:00:00.000+01:00,138.08,0.6691867791024522,68.26,0.3308132208975477
2024-03-08T05:00:00.000+01:00,48.82,0.9973442288049029,0.13,0.002655771195097038
2024-03-05T07:00:00.000+01:00,91.18,0.6457964445074015,50.01,0.35420355549259863
2024-03-07T17:00:00.000+01:00,74.65,0.9588953114964676,3.2,0.04110468850353243
2024-03-23T20:00:00.000+01:00,58.33,0.8662013662013661,9.01,0.1337986337986338
2024-03-09T05:00:00.000+01:00,45.89,1.0,0.0,0.0
2024-03-20T20:00:00.000+01:00,221.7,0.6875271351485456,100.76,0.3124728648514545
2024-03-11T08:00:00.000+01:00,72.15,0.9575315195753151,3.2,0.042468480424684804
2024-03-11T02:00:00.000+01:00,45.1,1.0,0.0,0.0
2024-03-10T19:00:00.000+01:00,48.0,0.9376831412385231,3.19,0.06231685876147685
2024-03-29T05:00:00.000+01:00,60.35,0.9837000814995925,1.0,0.016299918500407497
2024-03-18T11:00:00.000+01:00,146.73,0.8074065921972157,35.0,0.19259340780278436
2024-03-30T13:00:00.000+01:00,48.81,0.9912672623883022,0.43,0.008732737611697806
2024-03-06T02:00:00.000+01:00,93.49,0.6492361111111111,50.51,0.3507638888888889
2024-03-08T07:00:00.000+01:00,48.34,0.9235766144440198,4.0,0.07642338555598012
2024-03-29T14:00:00.000+01:00,75.52,0.9938149756546915,0.47,0.006185024345308593
2024-03-23T11:00:00.000+01:00,45.98,1.0,0.0,0.0
2024-03-10T07:00:00.000+01:00,50.59,1.0,0.0,0.0
2024-03-03T04:00:00.000+01:00,51.82,1.0,0.0,0.0
2024-03-24T12:00:00.000+01:00,49.46,1.0,0.0,0.0
2024-03-05T15:00:00.000+01:00,65.07,0.9420877370783264,4.0,0.05791226292167367
2024-03-17T23:00:00.000+01:00,119.56,0.6446325551302098,65.91,0.35536744486979027
2024-03-27T21:00:00.000+01:00,126.38,0.9753048309924371,3.2,0.0246951690075629
2024-03-07T16:00:00.000+01:00,71.05,0.9894165158055981,0.76,0.010583484194401895
2024-03-11T00:00:00.000+01:00,45.16,0.9977905435262925,0.1,0.002209456473707468
2024-03-21T00:00:00.000+01:00,80.28,0.6963913948646773,35.0,0.3036086051353227
2024-03-19T19:00:00.000+01:00,250.44,0.6600948866631524,128.96,0.3399051133368477
2024-03-10T13:00:00.000+01:00,47.22,1.0,0.0,0.0
2024-03-13T15:00:00.000+01:00,64.72,0.9656818860041779,2.3,0.034318113995822144
2024-03-27T12:00:00.000+01:00,129.35,1.0,0.0,0.0
2024-03-14T03:00:00.000+01:00,73.52,0.7492865878516102,24.6,0.2507134121483897
2024-03-16T23:00:00.000+01:00,82.32,0.6982188295165395,35.58,0.3017811704834606
2024-03-03T23:00:00.000+01:00,42.73,0.9028100570462708,4.6,0.09718994295372914
2024-03-10T05:00:00.000+01:00,51.02,1.0,0.0,0.0
2024-03-21T23:00:00.000+01:00,108.9,0.7313633310946944,40.0,0.2686366689053056
2024-03-26T19:00:00.000+01:00,126.03,0.9618407998168358,5.0,0.03815920018316416
2024-03-30T14:00:00.000+01:00,48.4,0.9911939381527749,0.43,0.008806061847225067
2024-03-04T18:00:00.000+01:00,120.9,0.960285941223193,5.0,0.03971405877680699
2024-03-26T09:00:00.000+01:00,77.15,0.98468410976388,1.2,0.015315890236119973
2024-03-07T08:00:00.000+01:00,86.2,0.8352713178294574,17.0,0.16472868217054262
2024-03-25T04:00:00.000+01:00,94.08,0.7684391080617495,28.35,0.23156089193825044
2024-03-16T01:00:00.000+01:00,93.69,0.6888970588235294,42.31,0.3111029411764706
2024-03-05T04:00:00.000+01:00,46.81,0.8863851543268321,6.0,0.11361484567316796
2024-03-14T20:00:00.000+01:00,202.82,0.7215996015227524,78.25,0.2784003984772477
2024-03-15T19:00:00.000+01:00,210.53,0.7051986333489649,88.01,0.294801366651035
2024-03-12T10:00:00.000+01:00,112.74,0.9955845990815966,0.5,0.004415400918403391
2024-03-17T21:00:00.000+01:00,127.49,0.6380242217996197,72.33,0.36197577820038035
2024-03-02T13:00:00.000+01:00,42.41,0.9997642621404998,0.01,2.3573785950023576E-4
2024-03-11T04:00:00.000+01:00,45.46,1.0,0.0,0.0
2024-03-27T06:00:00.000+01:00,51.81,0.9980735889038721,0.1,0.0019264110961279136
2024-03-30T02:00:00.000+01:00,71.18,0.9354711525824682,4.91,0.06452884741753187
2024-03-16T17:00:00.000+01:00,59.86,0.8165325330787069,13.45,0.18346746692129312
2024-03-26T02:00:00.000+01:00,53.81,0.9721770551038844,1.54,0.02782294489611563
2024-03-06T17:00:00.000+01:00,76.4,0.8029427220178665,18.75,0.19705727798213346
2024-03-08T04:00:00.000+01:00,49.36,0.9997974478428195,0.01,2.0255215718047398E-4
2024-03-03T03:00:00.000+01:00,50.51,1.0,0.0,0.0
2024-03-14T04:00:00.000+01:00,74.09,0.7507346235687506,24.6,0.24926537643124938
2024-03-14T05:00:00.000+01:00,80.14,0.7207482687292023,31.05,0.2792517312707977
2024-03-01T08:00:00.000+01:00,72.4,0.9570389953734303,3.25,0.042961004626569724
2024-03-03T02:00:00.000+01:00,50.12,1.0,0.0,0.0
2024-03-23T05:00:00.000+01:00,64.48,0.9699157641395909,2.0,0.030084235860409144
2024-03-17T17:00:00.000+01:00,62.72,0.8075189906012618,14.95,0.19248100939873825
2024-03-14T11:00:00.000+01:00,126.97,0.9136504281499604,12.0,0.08634957185003958
2024-03-20T00:00:00.000+01:00,115.61,0.6228651473519745,70.0,0.3771348526480254
2024-03-24T08:00:00.000+01:00,64.33,1.0,0.0,0.0
2024-03-02T09:00:00.000+01:00,44.14,0.9556180991556614,2.05,0.0443819008443386
2024-03-03T10:00:00.000+01:00,41.21,1.0,0.0,0.0
2024-03-02T22:00:00.000+01:00,45.32,0.8900235663786331,5.6,0.10997643362136685
2024-03-09T17:00:00.000+01:00,44.72,1.0,0.0,0.0
2024-03-04T00:00:00.000+01:00,53.57,0.8992781601477253,6.0,0.10072183985227463
2024-03-11T06:00:00.000+01:00,45.66,0.9645120405576679,1.68,0.035487959442332066
2024-03-03T00:00:00.000+01:00,48.4,0.9641434262948207,1.8,0.035856573705179286
2024-03-09T11:00:00.000+01:00,42.83,0.9976706266014442,0.1,0.0023293733985557887
2024-03-31T17:00:00.000+02:00,52.7,1.0,0.0,0.0
2024-03-05T20:00:00.000+01:00,257.06,0.6650454039789926,129.47,0.33495459602100747
2024-03-03T06:00:00.000+01:00,50.68,0.9998027224304596,0.01,1.972775695403433E-4
2024-03-15T20:00:00.000+01:00,253.58,0.672340651182522,123.58,0.327659348817478
2024-03-18T10:00:00.000+01:00,153.98,0.7852917176662587,42.1,0.21470828233374137
2024-03-02T23:00:00.000+01:00,43.0,0.9110169491525423,4.2,0.08898305084745763
2024-03-28T12:00:00.000+01:00,123.11,1.0,0.0,0.0
2024-03-20T11:00:00.000+01:00,147.51,0.8082296860446003,35.0,0.1917703139553997
2024-03-17T05:00:00.000+01:00,87.76,0.7782901738205037,25.0,0.22170982617949628
2024-03-31T05:00:00.000+02:00,68.53,0.9927567724177894,0.5,0.007243227582210633
2024-03-20T23:00:00.000+01:00,114.13,0.6953634314263084,50.0,0.3046365685736916
2024-03-25T18:00:00.000+01:00,124.06,0.9748546283199748,3.2,0.025145371680025147
2024-03-23T13:00:00.000+01:00,45.76,1.0,0.0,0.0
2024-03-29T12:00:00.000+01:00,126.77,0.9958366064414769,0.53,0.0041633935585231735
2024-03-25T05:00:00.000+01:00,99.22,0.7421647094023487,34.47,0.25783529059765126
2024-03-17T19:00:00.000+01:00,138.63,0.6342010155999818,79.96,0.3657989844000183
2024-03-01T16:00:00.000+01:00,68.03,1.0,0.0,0.0
2024-03-06T01:00:00.000+01:00,92.41,0.6466307466237492,50.5,0.3533692533762508
2024-03-05T17:00:00.000+01:00,79.19,0.8232664518141178,17.0,0.1767335481858821
2024-03-11T13:00:00.000+01:00,116.59,1.0,0.0,0.0
