Fecha,Valor_Mercado_Spot,Porcentaje_Mercado_Spot,Valor_PVPC,Porcentaje_PVPC
2021-11-04T10:00:00.000+01:00,248.21,0.5794831088179674,180.12,0.4205168911820325
2021-11-26T18:00:00.000+01:00,335.09,0.5727153087559179,250.0,0.4272846912440822
2021-11-22T22:00:00.000+01:00,300.44,0.5676283322942055,228.85,0.43237166770579455
2021-11-21T11:00:00.000+01:00,269.28,0.5485323175327453,221.63,0.4514676824672547
2021-11-27T00:00:00.000+01:00,277.01,0.5536656539814518,223.31,0.44633434601854816
2021-11-07T12:00:00.000+01:00,169.18,0.5665963361130647,129.41,0.4334036638869352
2021-11-07T23:00:00.000+01:00,226.47,0.5627282892284756,175.98,0.4372717107715244
2021-11-23T18:00:00.000+01:00,349.58,0.5716014258151019,262.0,0.4283985741848982
2021-11-10T18:00:00.000+01:00,303.36,0.5763355878106239,223.0,0.42366441218937606
2021-11-23T23:00:00.000+01:00,308.46,0.5692404222337049,233.42,0.4307595777662951
2021-11-03T23:00:00.000+01:00,202.64,0.5827845043283195,145.07,0.4172154956716804
2021-11-09T02:00:00.000+01:00,194.83,0.563352995604904,151.01,0.4366470043950959
2021-11-15T09:00:00.000+01:00,253.37,0.5638338117809377,196.0,0.4361661882190622
2021-11-27T08:00:00.000+01:00,258.93,0.5521719659650695,210.0,0.4478280340349306
2021-11-27T10:00:00.000+01:00,265.56,0.5482019734940754,218.86,0.4517980265059246
2021-11-16T01:00:00.000+01:00,210.47,0.5570347236925682,167.37,0.4429652763074317
2021-11-29T03:00:00.000+01:00,138.32,0.580542264752791,99.94,0.4194577352472089
2021-11-13T20:00:00.000+01:00,248.68,0.5517884086269637,202.0,0.4482115913730363
2021-11-19T05:00:00.000+01:00,267.41,0.5550919583177648,214.33,0.44490804168223524
2021-11-03T17:00:00.000+01:00,216.18,0.5754212249460992,159.51,0.4245787750539008
2021-11-18T07:00:00.000+01:00,281.71,0.549699500468311,230.77,0.45030049953168905
2021-11-14T17:00:00.000+01:00,249.05,0.5571713013713954,197.94,0.44282869862860463
2021-11-21T10:00:00.000+01:00,273.0,0.5491521332448253,224.13,0.4508478667551747
2021-11-26T02:00:00.000+01:00,276.63,0.5559508018811046,220.95,0.4440491981188954
2021-11-29T11:00:00.000+01:00,288.08,0.5707153753194524,216.69,0.42928462468054757
2021-11-04T12:00:00.000+01:00,234.4,0.5810897912638208,168.98,0.4189102087361793
2021-11-28T03:00:00.000+01:00,237.86,0.5676036844365963,181.2,0.4323963155634038
2021-11-09T16:00:00.000+01:00,246.88,0.5694383577442048,186.67,0.4305616422557952
2021-11-27T02:00:00.000+01:00,266.09,0.5584846258788959,210.36,0.44151537412110403
2021-11-08T06:00:00.000+01:00,219.45,0.5601786853860881,172.3,0.43982131461391194
2021-11-29T12:00:00.000+01:00,285.96,0.570379974070011,215.39,0.42962002592998905
2021-11-19T21:00:00.000+01:00,314.47,0.5764697255778997,231.04,0.4235302744221004
2021-11-25T05:00:00.000+01:00,271.86,0.5566794987304448,216.5,0.44332050126955524
2021-11-14T18:00:00.000+01:00,255.76,0.5557221389305347,204.47,0.44427786106946526
2021-11-23T12:00:00.000+01:00,288.91,0.5705962514565599,217.42,0.42940374854344
2021-11-25T09:00:00.000+01:00,318.73,0.5604241028255939,250.0,0.4395758971744061
2021-11-05T16:00:00.000+01:00,232.97,0.5813204910669728,167.79,0.41867950893302724
2021-11-17T07:00:00.000+01:00,276.16,0.5493644194235016,226.53,0.4506355805764984
2021-11-21T20:00:00.000+01:00,301.34,0.5510469050013715,245.51,0.44895309499862857
2021-11-07T02:00:00.000+01:00,153.07,0.5882556396756466,107.14,0.41174436032435346
2021-11-02T04:00:00.000+01:00,134.76,0.5863719432599426,95.06,0.4136280567400575
2021-11-30T06:00:00.000+01:00,333.33,0.5504673514548998,272.21,0.4495326485451002
2021-11-14T00:00:00.000+01:00,232.54,0.5572890454621707,184.73,0.4427109545378292
2021-11-15T08:00:00.000+01:00,278.77,0.5647232801231666,214.87,0.43527671987683336
2021-11-22T16:00:00.000+01:00,307.64,0.5616430853491556,240.11,0.43835691465084436
2021-11-07T05:00:00.000+01:00,120.08,0.6131849052749835,75.75,0.38681509472501663
2021-11-27T17:00:00.000+01:00,276.79,0.5528612803355638,223.86,0.44713871966443625
2021-11-28T09:00:00.000+01:00,250.6,0.5561597017244058,199.99,0.44384029827559424
2021-11-06T15:00:00.000+01:00,168.83,0.5615312978114814,131.83,0.4384687021885186
2021-11-13T09:00:00.000+01:00,212.57,0.5506138942133347,173.49,0.4493861057866653
2021-11-26T07:00:00.000+01:00,287.35,0.5480118241632498,237.0,0.4519881758367502
2021-11-11T16:00:00.000+01:00,250.76,0.5702330869812393,188.99,0.4297669130187607
2021-11-07T17:00:00.000+01:00,226.52,0.56702295426669,172.97,0.43297704573331
2021-11-08T23:00:00.000+01:00,242.2,0.5769414006669843,177.6,0.42305859933301576
2021-11-13T15:00:00.000+01:00,216.36,0.5507025045815517,176.52,0.44929749541844843
2021-11-10T07:00:00.000+01:00,260.44,0.5489303403941406,214.01,0.45106965960585943
2021-11-26T15:00:00.000+01:00,254.85,0.5673545715621452,194.34,0.4326454284378548
2021-11-05T18:00:00.000+01:00,270.21,0.580834461855936,195.0,0.419165538144064
2021-11-07T11:00:00.000+01:00,167.77,0.5666948150650228,128.28,0.43330518493497716
2021-11-26T10:00:00.000+01:00,311.1,0.5711295918929339,233.61,0.4288704081070661
2021-11-27T07:00:00.000+01:00,256.7,0.5585777700409087,202.86,0.4414222299590913
2021-11-07T20:00:00.000+01:00,230.3,0.5538587335561915,185.51,0.44614126644380847
2021-11-22T04:00:00.000+01:00,249.33,0.5617564888248017,194.51,0.4382435111751982
2021-11-27T06:00:00.000+01:00,225.3,0.5641385181661116,174.07,0.43586148183388834
2021-11-25T14:00:00.000+01:00,278.75,0.5645455281918341,215.01,0.4354544718081659
2021-11-19T12:00:00.000+01:00,302.47,0.5730226390072938,225.38,0.4269773609927062
2021-11-21T19:00:00.000+01:00,317.56,0.5520958292042629,257.63,0.447904170795737
2021-11-03T03:00:00.000+01:00,171.13,0.5667119250256647,130.84,0.4332880749743352
2021-11-02T08:00:00.000+01:00,234.03,0.5707213578500707,176.03,0.4292786421499293
2021-11-24T01:00:00.000+01:00,266.23,0.5532281861064356,215.0,0.4467718138935644
2021-11-20T12:00:00.000+01:00,272.41,0.5480976237902658,224.6,0.4519023762097342
2021-11-04T07:00:00.000+01:00,232.75,0.5492236537826231,191.03,0.450776346217377
2021-11-01T10:00:00.000+01:00,112.4,0.574642126789366,83.2,0.4253578732106339
2021-11-24T20:00:00.000+01:00,333.13,0.5729198913080865,248.33,0.42708010869191343
2021-11-05T06:00:00.000+01:00,226.19,0.5567753846153846,180.06,0.4432246153846154
2021-11-27T18:00:00.000+01:00,298.8,0.5508544881367181,243.63,0.44914551186328183
2021-11-06T17:00:00.000+01:00,219.31,0.5580123148949163,173.71,0.44198768510508374
2021-11-08T10:00:00.000+01:00,233.89,0.5831795741285594,167.17,0.4168204258714407
2021-11-08T09:00:00.000+01:00,232.39,0.5664042506519779,177.9,0.4335957493480222
2021-11-19T02:00:00.000+01:00,268.13,0.5569912129458443,213.26,0.4430087870541557
2021-11-06T02:00:00.000+01:00,220.92,0.5630830402202172,171.42,0.43691695977978284
2021-11-01T22:00:00.000+01:00,186.51,0.5586138732478735,147.37,0.4413861267521265
2021-11-24T22:00:00.000+01:00,281.34,0.5694450066793507,212.72,0.43055499332064934
2021-11-30T21:00:00.000+01:00,395.88,0.5690547378104875,299.8,0.4309452621895124
2021-11-15T04:00:00.000+01:00,196.52,0.567714351744858,149.64,0.43228564825514215
2021-11-03T04:00:00.000+01:00,169.97,0.5665666666666667,130.03,0.43343333333333334
2021-11-22T23:00:00.000+01:00,295.71,0.5696261052144934,223.42,0.43037389478550653
2021-11-16T18:00:00.000+01:00,316.78,0.5729841189451217,236.08,0.42701588105487825
2021-11-21T23:00:00.000+01:00,264.32,0.5529128752222571,213.73,0.44708712477774293
2021-11-26T11:00:00.000+01:00,301.18,0.5723787985328493,225.01,0.4276212014671506
2021-11-06T21:00:00.000+01:00,214.84,0.553055655665963,173.62,0.44694434433403696
2021-11-10T14:00:00.000+01:00,252.27,0.566809715325679,192.8,0.43319028467432086
2021-11-10T03:00:00.000+01:00,217.84,0.5590658283074554,171.81,0.4409341716925446
2021-11-10T08:00:00.000+01:00,283.73,0.5664404072669196,217.17,0.4335595927330804
2021-11-11T09:00:00.000+01:00,251.27,0.5661657015389469,192.54,0.43383429846105315
2021-11-25T08:00:00.000+01:00,322.37,0.5632195957160578,250.0,0.4367804042839422
2021-11-25T23:00:00.000+01:00,289.91,0.5706215801283313,218.15,0.42937841987166864
2021-11-23T09:00:00.000+01:00,288.1,0.5611062420878372,225.35,0.4388937579121628
2021-11-08T21:00:00.000+01:00,275.89,0.5801981030893146,199.62,0.41980189691068537
2021-11-05T07:00:00.000+01:00,232.99,0.54951767730371,191.0,0.45048232269629
2021-11-23T11:00:00.000+01:00,290.24,0.5710575504181014,218.01,0.42894244958189864
2021-11-02T10:00:00.000+01:00,226.62,0.5832754227472783,161.91,0.41672457725272183
2021-11-13T12:00:00.000+01:00,215.79,0.5486790917643469,177.5,0.45132090823565313
2021-11-22T01:00:00.000+01:00,274.36,0.5572232264354043,218.01,0.4427767735645957
2021-11-13T00:00:00.000+01:00,238.34,0.5564271373208198,190.0,0.44357286267918006
2021-11-25T03:00:00.000+01:00,254.95,0.5588190167240207,201.28,0.4411809832759792
2021-11-12T06:00:00.000+01:00,230.44,0.5542087542087542,185.36,0.4457912457912458
2021-11-19T11:00:00.000+01:00,299.79,0.5740574076556306,222.44,0.4259425923443693
2021-11-03T11:00:00.000+01:00,209.08,0.5904880253050158,145.0,0.4095119746949841
2021-11-29T23:00:00.000+01:00,324.98,0.5674821450399008,247.69,0.43251785496009915
2021-11-17T05:00:00.000+01:00,214.67,0.5628474042999475,166.73,0.43715259570005244
2021-11-06T08:00:00.000+01:00,212.66,0.5576796999973777,168.67,0.4423203000026224
2021-11-19T23:00:00.000+01:00,299.22,0.5699320012952135,225.79,0.43006799870478657
2021-11-14T16:00:00.000+01:00,202.27,0.5619079367725088,157.7,0.4380920632274911
2021-11-17T19:00:00.000+01:00,334.4,0.5723087455074448,249.9,0.42769125449255524
2021-11-09T11:00:00.000+01:00,219.86,0.5864966521727533,155.01,0.41350334782724674
2021-11-07T09:00:00.000+01:00,169.69,0.5736840325906895,126.1,0.4263159674093107
2021-11-24T17:00:00.000+01:00,289.99,0.5659998048209232,222.36,0.4340001951790768
2021-11-14T04:00:00.000+01:00,195.77,0.5713410185320298,146.88,0.42865898146797027
2021-11-27T22:00:00.000+01:00,268.51,0.5538801105656174,216.27,0.44611988943438263
2021-11-13T04:00:00.000+01:00,197.65,0.5655707213780868,151.82,0.4344292786219131
2021-11-27T11:00:00.000+01:00,250.03,0.5494681786216596,205.01,0.45053182137834036
2021-11-09T22:00:00.000+01:00,255.38,0.5721134459429186,191.0,0.4278865540570814
2021-11-07T14:00:00.000+01:00,156.73,0.5665895452244957,119.89,0.4334104547755043
2021-11-01T03:00:00.000+01:00,55.28,0.7148583990689255,22.05,0.28514160093107466
2021-11-15T18:00:00.000+01:00,297.37,0.5747724065948934,220.0,0.4252275934051066
2021-11-01T14:00:00.000+01:00,85.58,0.586485745614035,60.34,0.4135142543859649
2021-11-30T20:00:00.000+01:00,395.94,0.5684382806443277,300.6,0.4315617193556724
2021-11-13T10:00:00.000+01:00,211.24,0.5484901202191468,173.89,0.45150987978085316
2021-11-12T03:00:00.000+01:00,208.58,0.5610608995050571,163.18,0.438939100494943
2021-11-20T20:00:00.000+01:00,318.29,0.5503985889432639,260.0,0.4496014110567363
2021-11-01T01:00:00.000+01:00,90.29,0.6211902304781561,55.06,0.3788097695218438
2021-11-30T18:00:00.000+01:00,403.77,0.5662417434473475,309.3,0.43375825655265265
2021-11-11T20:00:00.000+01:00,296.67,0.5764276138107913,218.0,0.42357238618920856
2021-11-07T10:00:00.000+01:00,165.36,0.567350579839429,126.1,0.43264942016057084
2021-11-23T06:00:00.000+01:00,260.82,0.5504505835426208,213.01,0.4495494164573792
2021-11-07T08:00:00.000+01:00,165.42,0.5817273878182585,118.94,0.41827261218174144
2021-11-03T20:00:00.000+01:00,278.6,0.5786085150571132,202.9,0.4213914849428868
2021-11-25T00:00:00.000+01:00,281.44,0.5531881437219908,227.32,0.4468118562780093
2021-11-05T00:00:00.000+01:00,206.64,0.5582601647980548,163.51,0.44173983520194515
2021-11-04T19:00:00.000+01:00,266.64,0.5795135945752102,193.47,0.4204864054247897
2021-11-19T19:00:00.000+01:00,355.12,0.5716677398583386,266.08,0.42833226014166126
2021-11-15T14:00:00.000+01:00,199.25,0.5754512635379061,147.0,0.42454873646209385
2021-11-21T16:00:00.000+01:00,271.08,0.5520078194998778,220.0,0.4479921805001222
2021-11-12T09:00:00.000+01:00,265.04,0.5650690772641992,204.0,0.43493092273580075
2021-11-17T17:00:00.000+01:00,277.08,0.5706048312362281,208.51,0.42939516876377193
2021-11-20T13:00:00.000+01:00,259.77,0.5474720225926784,214.72,0.45252797740732154
2021-11-09T09:00:00.000+01:00,242.97,0.5677267098161086,185.0,0.4322732901838914
2021-11-16T19:00:00.000+01:00,333.35,0.5714408159766864,250.0,0.4285591840233136
2021-11-10T23:00:00.000+01:00,253.04,0.5750778391400195,186.97,0.42492216085998047
2021-11-26T20:00:00.000+01:00,336.03,0.5734006791461188,250.0,0.42659932085388125
2021-11-30T04:00:00.000+01:00,274.08,0.5545932820720356,220.12,0.4454067179279644
2021-11-17T11:00:00.000+01:00,236.08,0.588361370716511,165.17,0.41163862928348904
2021-11-24T03:00:00.000+01:00,243.21,0.5558450462804251,194.34,0.4441549537195749
2021-11-26T01:00:00.000+01:00,287.6,0.5545058419774033,231.06,0.4454941580225966
2021-11-21T21:00:00.000+01:00,293.96,0.5512301230123012,239.32,0.44876987698769877
2021-11-18T20:00:00.000+01:00,352.18,0.571145924556453,264.44,0.4288540754435471
2021-11-02T02:00:00.000+01:00,134.49,0.5858854280113265,95.06,0.41411457198867346
2021-11-30T13:00:00.000+01:00,350.2,0.564656562399226,270.0,0.43534343760077393
2021-11-12T10:00:00.000+01:00,269.37,0.5766118674544054,197.79,0.42338813254559465
2021-11-06T03:00:00.000+01:00,210.31,0.5679295725203208,160.0,0.43207042747967916
2021-11-08T13:00:00.000+01:00,204.79,0.5921353187798177,141.06,0.40786468122018216
2021-11-23T01:00:00.000+01:00,253.11,0.5537421514362598,203.98,0.4462578485637401
2021-11-02T11:00:00.000+01:00,195.03,0.5945311547372273,133.01,0.4054688452627728
2021-11-15T13:00:00.000+01:00,208.65,0.5881109419922206,146.13,0.4118890580077795
2021-11-06T20:00:00.000+01:00,217.54,0.5520058869801314,176.55,0.4479941130198685
2021-11-23T14:00:00.000+01:00,279.03,0.5622770780856423,217.22,0.4377229219143577
2021-11-26T13:00:00.000+01:00,293.48,0.5733151006055871,218.42,0.42668489939441295
2021-11-02T17:00:00.000+01:00,228.63,0.5720898808928035,171.01,0.42791011910719645
2021-11-04T11:00:00.000+01:00,240.07,0.5805382922641646,173.46,0.4194617077358354
2021-11-06T13:00:00.000+01:00,171.3,0.5569282788217699,136.28,0.44307172117823
2021-11-07T04:00:00.000+01:00,100.31,0.6305236029920172,58.78,0.3694763970079829
2021-11-21T18:00:00.000+01:00,312.83,0.5526348331478439,253.24,0.44736516685215616
2021-11-04T21:00:00.000+01:00,252.27,0.5840394499236006,179.67,0.4159605500763995
2021-11-15T00:00:00.000+01:00,211.94,0.5609994970750947,165.85,0.4390005029249054
2021-11-09T01:00:00.000+01:00,198.67,0.5624858437146093,154.53,0.43751415628539075
2021-11-04T15:00:00.000+01:00,209.36,0.575006866245537,154.74,0.42499313375446307
2021-11-13T01:00:00.000+01:00,233.82,0.5586429339385975,184.73,0.44135706606140246
2021-11-05T08:00:00.000+01:00,251.68,0.5691928443811204,190.49,0.4308071556188796
2021-11-05T05:00:00.000+01:00,204.07,0.5615729656842511,159.32,0.4384270343157489
2021-11-07T18:00:00.000+01:00,233.69,0.5568157449546094,186.0,0.44318425504539066
2021-11-28T06:00:00.000+01:00,236.39,0.5658105746906341,181.4,0.434189425309366
2021-11-29T19:00:00.000+01:00,356.26,0.5688691597738958,270.0,0.4311308402261042
2021-11-06T09:00:00.000+01:00,193.62,0.5549441100601892,155.28,0.4450558899398109
2021-11-26T12:00:00.000+01:00,296.78,0.572779557648512,221.36,0.42722044235148804
2021-11-23T19:00:00.000+01:00,358.76,0.5712193102569818,269.3,0.42878068974301825
2021-11-22T20:00:00.000+01:00,353.65,0.5719252850327485,264.7,0.4280747149672516
2021-11-15T01:00:00.000+01:00,206.25,0.5648363686156375,158.9,0.43516363138436265
2021-11-28T01:00:00.000+01:00,253.41,0.5640609001469082,195.85,0.43593909985309176
2021-11-24T16:00:00.000+01:00,276.95,0.5666844000654772,211.77,0.43331559993452284
2021-11-25T10:00:00.000+01:00,315.44,0.5705397192880914,237.44,0.42946028071190856
2021-11-03T01:00:00.000+01:00,184.41,0.563101163394302,143.08,0.4368988366056979
2021-11-22T14:00:00.000+01:00,305.0,0.5596227592154273,240.01,0.44037724078457274
2021-11-15T20:00:00.000+01:00,316.13,0.5736033240796182,235.0,0.4263966759203818
2021-11-23T04:00:00.000+01:00,238.82,0.5558477830792505,190.83,0.4441522169207495
2021-11-29T16:00:00.000+01:00,300.85,0.5621368112259197,234.34,0.4378631887740802
2021-11-05T20:00:00.000+01:00,279.51,0.5789953392024857,203.24,0.42100466079751425
2021-11-09T00:00:00.000+01:00,195.79,0.5613245412844037,153.01,0.4386754587155964
2021-11-30T23:00:00.000+01:00,333.36,0.566620774055377,254.97,0.43337922594462286
2021-11-16T02:00:00.000+01:00,206.57,0.5591889770174062,162.84,0.4408110229825939
2021-11-07T21:00:00.000+01:00,229.99,0.5544198828435745,184.84,0.4455801171564255
2021-11-20T18:00:00.000+01:00,314.75,0.5573262505533422,250.0,0.4426737494466578
2021-11-26T22:00:00.000+01:00,306.92,0.5679811980679905,233.45,0.43201880193200953
2021-11-15T07:00:00.000+01:00,259.92,0.5504214137478294,212.3,0.4495785862521706
2021-11-10T04:00:00.000+01:00,219.34,0.5586999159428411,173.25,0.4413000840571588
2021-11-08T07:00:00.000+01:00,228.1,0.5498240370245384,186.76,0.4501759629754616
2021-11-19T08:00:00.000+01:00,313.78,0.5645454381893094,242.03,0.43545456181069075
2021-11-06T23:00:00.000+01:00,202.13,0.5570467949071267,160.73,0.4429532050928732
2021-11-03T15:00:00.000+01:00,172.21,0.5905490209526423,119.4,0.4094509790473578
2021-11-29T22:00:00.000+01:00,336.66,0.5653305570015618,258.85,0.43466944299843835
2021-11-29T08:00:00.000+01:00,293.09,0.5627904297400054,227.69,0.43720957025999463
2021-11-16T09:00:00.000+01:00,262.21,0.5627065539293531,203.77,0.4372934460706468
2021-11-27T13:00:00.000+01:00,215.08,0.5532604501607717,173.67,0.44673954983922826
2021-11-14T12:00:00.000+01:00,222.73,0.5530504308097236,180.0,0.44694956919027634
2021-11-12T07:00:00.000+01:00,250.45,0.5489435384885147,205.79,0.45105646151148515
2021-11-23T13:00:00.000+01:00,288.94,0.5706216920767833,217.42,0.42937830792321663
2021-11-02T22:00:00.000+01:00,242.34,0.5738166836360192,179.99,0.42618331636398077
2021-11-05T09:00:00.000+01:00,244.61,0.5670143718127029,186.79,0.4329856281872972
2021-11-10T11:00:00.000+01:00,263.79,0.5767162221250547,193.61,0.42328377787494537
2021-11-07T01:00:00.000+01:00,168.81,0.5820833764352954,121.2,0.4179166235647047
2021-11-05T03:00:00.000+01:00,190.37,0.5657859541712486,146.1,0.4342140458287514
2021-11-04T16:00:00.000+01:00,233.41,0.5732213463002529,173.78,0.42677865369974705
2021-11-27T19:00:00.000+01:00,294.28,0.5507973347308527,240.0,0.44920266526914726
2021-11-26T03:00:00.000+01:00,257.19,0.5570500324886289,204.51,0.442949967511371
2021-11-10T19:00:00.000+01:00,310.55,0.574507446119693,230.0,0.42549255388030716
2021-11-28T12:00:00.000+01:00,238.6,0.5530958065787339,192.79,0.44690419342126614
2021-11-04T02:00:00.000+01:00,188.57,0.5638380576486066,145.87,0.4361619423513934
2021-11-09T20:00:00.000+01:00,297.86,0.5769573470731802,218.4,0.42304265292681986
2021-11-06T11:00:00.000+01:00,168.37,0.5574058134145534,133.69,0.4425941865854466
2021-11-09T23:00:00.000+01:00,253.47,0.5739030023094689,188.19,0.4260969976905312
2021-11-16T15:00:00.000+01:00,236.4,0.5677233429394813,180.0,0.43227665706051877
2021-11-15T23:00:00.000+01:00,246.22,0.5772630295641573,180.31,0.42273697043584274
2021-11-16T03:00:00.000+01:00,203.9,0.5599340930935055,160.25,0.4400659069064946
2021-11-25T15:00:00.000+01:00,274.98,0.5661169785683404,210.75,0.4338830214316595
2021-11-18T14:00:00.000+01:00,288.24,0.5646229187071499,222.26,0.43537708129285013
2021-11-11T06:00:00.000+01:00,211.37,0.5528470169748646,170.96,0.44715298302513534
2021-11-30T02:00:00.000+01:00,300.65,0.5532654901455623,242.76,0.44673450985443774
2021-11-05T02:00:00.000+01:00,200.97,0.5629096409164753,156.05,0.4370903590835248
2021-11-30T15:00:00.000+01:00,345.79,0.5595307443365696,272.21,0.44046925566343037
2021-11-13T16:00:00.000+01:00,223.02,0.5525494276795005,180.6,0.44745057232049945
2021-11-29T04:00:00.000+01:00,138.85,0.5810595915634416,100.11,0.41894040843655844
2021-11-05T04:00:00.000+01:00,184.86,0.5666727974986205,141.36,0.43332720250137946
2021-11-04T13:00:00.000+01:00,227.04,0.5826917154296274,162.6,0.41730828457037267
2021-11-10T06:00:00.000+01:00,251.6,0.5520691622416289,204.14,0.44793083775837095
2021-11-25T02:00:00.000+01:00,261.89,0.5578893551754256,207.54,0.4421106448245745
2021-11-24T00:00:00.000+01:00,282.45,0.5511111978302863,230.06,0.4488888021697138
2021-11-21T06:00:00.000+01:00,276.14,0.5581630384249995,218.59,0.4418369615750005
2021-11-23T16:00:00.000+01:00,292.49,0.5643256801080456,225.81,0.4356743198919545
2021-11-19T06:00:00.000+01:00,278.6,0.5527887458084486,225.39,0.4472112541915514
2021-11-11T05:00:00.000+01:00,202.81,0.5588591898594655,160.09,0.44114081014053463
2021-11-11T15:00:00.000+01:00,231.68,0.5702471202126613,174.6,0.4297528797873388
2021-11-27T01:00:00.000+01:00,275.26,0.5570711568040152,218.86,0.4429288431959848
2021-11-09T06:00:00.000+01:00,219.26,0.5575588048315321,173.99,0.4424411951684679
2021-11-01T20:00:00.000+01:00,201.86,0.5531320217021976,163.08,0.44686797829780234
2021-11-21T01:00:00.000+01:00,314.06,0.5567748683674013,250.01,0.4432251316325988
2021-11-29T18:00:00.000+01:00,350.13,0.5683651770205996,265.9,0.4316348229794003
2021-11-12T01:00:00.000+01:00,225.02,0.5573802977384756,178.69,0.4426197022615243
2021-11-27T23:00:00.000+01:00,255.22,0.5557684769827098,204.0,0.4442315230172902
2021-11-09T15:00:00.000+01:00,244.08,0.5688714865053839,184.98,0.4311285134946161
2021-11-28T16:00:00.000+01:00,244.47,0.5574761133787882,194.06,0.4425238866212118
2021-11-17T06:00:00.000+01:00,237.12,0.5568157802042972,188.73,0.44318421979570266
2021-11-18T02:00:00.000+01:00,263.45,0.5623865940868823,205.0,0.43761340591311776
2021-11-18T03:00:00.000+01:00,246.88,0.5650979674052371,190.0,0.43490203259476284
2021-11-20T06:00:00.000+01:00,246.12,0.5582598044775103,194.75,0.4417401955224896
2021-11-11T02:00:00.000+01:00,203.16,0.5594228439255425,160.0,0.4405771560744576
2021-11-18T00:00:00.000+01:00,276.57,0.5553502941707997,221.44,0.4446497058292002
2021-11-09T19:00:00.000+01:00,299.03,0.576121300863132,220.01,0.4238786991368681
2021-11-07T16:00:00.000+01:00,172.78,0.5717594890631722,129.41,0.4282405109368278
2021-11-06T05:00:00.000+01:00,184.91,0.5757028550079393,136.28,0.4242971449920608
2021-11-26T04:00:00.000+01:00,245.92,0.5576290787056982,195.09,0.4423709212943017
2021-11-15T12:00:00.000+01:00,208.08,0.5882619020694334,145.64,0.4117380979305665
2021-11-14T01:00:00.000+01:00,219.28,0.5632529346793044,170.03,0.43674706532069557
2021-11-30T09:00:00.000+01:00,374.28,0.556012775755775,298.87,0.44398722424422493
2021-11-30T10:00:00.000+01:00,379.22,0.5629750593824229,294.38,0.4370249406175772
2021-11-02T16:00:00.000+01:00,217.4,0.5741146644835873,161.27,0.4258853355164127
2021-11-21T12:00:00.000+01:00,269.96,0.5483314037332683,222.37,0.45166859626673167
2021-11-18T12:00:00.000+01:00,289.94,0.5740249455553356,215.16,0.4259750544446644
2021-11-22T15:00:00.000+01:00,306.33,0.5606948054325146,240.01,0.4393051945674855
2021-11-03T13:00:00.000+01:00,182.59,0.6036232602730669,119.9,0.3963767397269331
2021-11-14T14:00:00.000+01:00,196.87,0.5547665342238003,158.0,0.4452334657761997
2021-11-10T13:00:00.000+01:00,265.09,0.5766085178579197,194.65,0.42339148214208033
2021-11-23T21:00:00.000+01:00,356.36,0.5733869670152856,265.14,0.42661303298471437
2021-11-24T09:00:00.000+01:00,326.63,0.558886436356792,257.8,0.44111356364320786
2021-11-21T17:00:00.000+01:00,297.6,0.5535714285714286,240.0,0.4464285714285714
2021-11-19T15:00:00.000+01:00,293.13,0.5648847606567486,225.79,0.4351152393432514
2021-11-22T05:00:00.000+01:00,255.18,0.5573075915086922,202.7,0.44269240849130775
2021-11-05T10:00:00.000+01:00,239.99,0.5830944166383206,171.59,0.4169055833616793
2021-11-03T21:00:00.000+01:00,257.22,0.5834637631847568,183.63,0.41653623681524327
2021-11-06T01:00:00.000+01:00,222.94,0.5620572292953486,173.71,0.4379427707046515
2021-11-22T03:00:00.000+01:00,254.63,0.5618118835911127,198.6,0.4381881164088873
2021-11-08T18:00:00.000+01:00,269.33,0.5786194599007455,196.14,0.4213805400992545
2021-11-30T00:00:00.000+01:00,312.88,0.5506221072453056,255.35,0.44937789275469436
2021-11-09T17:00:00.000+01:00,259.82,0.568957211054176,196.84,0.43104278894582404
2021-11-17T13:00:00.000+01:00,235.97,0.5882484917983747,165.17,0.41175150820162537
2021-11-18T15:00:00.000+01:00,302.08,0.5646355140186916,232.92,0.4353644859813084
2021-11-05T11:00:00.000+01:00,230.56,0.5858318934851103,163.0,0.4141681065148897
2021-11-18T06:00:00.000+01:00,251.07,0.5588647746243739,198.18,0.44113522537562605
2021-11-17T02:00:00.000+01:00,230.29,0.5612859197153234,180.0,0.43871408028467673
2021-11-01T21:00:00.000+01:00,189.16,0.5552587548067045,151.51,0.4447412451932956
2021-11-07T07:00:00.000+01:00,131.81,0.5999817925258318,87.88,0.4000182074741681
2021-11-05T23:00:00.000+01:00,244.28,0.5756704529386812,180.06,0.4243295470613187
2021-11-18T21:00:00.000+01:00,336.62,0.5738297364563091,250.0,0.426170263543691
2021-11-26T21:00:00.000+01:00,326.39,0.5750858955158136,241.16,0.42491410448418643
2021-11-08T17:00:00.000+01:00,240.05,0.5719834159359513,179.63,0.4280165840640488
2021-11-02T23:00:00.000+01:00,228.11,0.5773328946369366,167.0,0.42266710536306346
2021-11-11T07:00:00.000+01:00,239.55,0.5491621008229981,196.66,0.45083789917700184
2021-11-15T05:00:00.000+01:00,212.44,0.5644595599957487,163.92,0.4355404400042512
2021-11-19T16:00:00.000+01:00,302.57,0.5662711483755054,231.75,0.43372885162449476
2021-11-25T21:00:00.000+01:00,333.96,0.5733809491106381,248.48,0.42661905088936203
2021-11-03T02:00:00.000+01:00,181.92,0.5646708259614489,140.25,0.43532917403855115
2021-11-12T22:00:00.000+01:00,229.63,0.5758746081504702,169.12,0.4241253918495298
2021-11-10T09:00:00.000+01:00,269.78,0.5637093066989844,208.8,0.43629069330101555
2021-11-02T13:00:00.000+01:00,171.33,0.6066067129301799,111.11,0.39339328706982013
2021-11-18T19:00:00.000+01:00,364.46,0.5698783500641086,275.08,0.4301216499358914
2021-11-14T19:00:00.000+01:00,256.28,0.5541309001275703,206.21,0.4458690998724297
2021-11-15T15:00:00.000+01:00,210.0,0.5753267033779896,155.01,0.42467329662201037
2021-11-20T08:00:00.000+01:00,247.68,0.5544909107190831,199.0,0.445509089280917
2021-11-16T21:00:00.000+01:00,300.51,0.5769164314922537,220.38,0.42308356850774637
2021-11-06T00:00:00.000+01:00,231.7,0.5562891647259369,184.81,0.4437108352740631
2021-11-28T14:00:00.000+01:00,237.13,0.5515677335318199,192.79,0.44843226646818013
2021-11-22T08:00:00.000+01:00,327.27,0.5604514162413946,256.67,0.43954858375860534
2021-11-11T01:00:00.000+01:00,203.76,0.5580631025416302,161.36,0.4419368974583699
2021-11-18T01:00:00.000+01:00,274.86,0.5609158809844497,215.16,0.4390841190155504
2021-11-25T19:00:00.000+01:00,339.8,0.5712844653665098,255.0,0.42871553463349027
2021-11-13T06:00:00.000+01:00,195.14,0.5624279455845054,151.82,0.43757205441549457
2021-11-15T03:00:00.000+01:00,199.18,0.5682252588936754,151.35,0.43177474110632474
2021-11-04T09:00:00.000+01:00,246.89,0.5664043680745142,189.0,0.4335956319254858
2021-11-23T08:00:00.000+01:00,292.65,0.5642533500433818,226.0,0.43574664995661816
2021-11-02T12:00:00.000+01:00,182.95,0.6016904558310859,121.11,0.398309544168914
2021-11-12T02:00:00.000+01:00,219.08,0.5595627298733143,172.44,0.44043727012668576
2021-11-07T00:00:00.000+01:00,182.91,0.5708801498127342,137.49,0.42911985018726595
2021-11-21T15:00:00.000+01:00,253.4,0.5494481666991913,207.79,0.4505518333008088
2021-11-20T19:00:00.000+01:00,319.31,0.5551962165075722,255.82,0.4448037834924278
2021-11-27T09:00:00.000+01:00,267.46,0.5493006921196936,219.45,0.45069930788030643
2021-11-11T11:00:00.000+01:00,243.33,0.5798403431430955,176.32,0.4201596568569046
2021-11-15T06:00:00.000+01:00,240.12,0.5568129116037474,191.12,0.44318708839625265
2021-11-20T15:00:00.000+01:00,266.55,0.5494290307952344,218.59,0.45057096920476564
2021-11-04T23:00:00.000+01:00,231.99,0.5770751971343997,170.02,0.4229248028656004
2021-11-24T07:00:00.000+01:00,312.34,0.5463641611419175,259.33,0.45363583885808245
2021-11-05T15:00:00.000+01:00,192.53,0.5820484914444647,138.25,0.4179515085555354
2021-11-13T22:00:00.000+01:00,234.74,0.5546000094504561,188.52,0.44539999054954404
2021-11-30T11:00:00.000+01:00,366.9,0.5641924620565577,283.41,0.43580753794344246
2021-11-05T13:00:00.000+01:00,213.17,0.5908423182460711,147.62,0.4091576817539289
2021-11-17T04:00:00.000+01:00,211.33,0.5642237351488453,163.22,0.4357762648511547
2021-11-17T15:00:00.000+01:00,227.43,0.5792919001528273,165.17,0.4207080998471726
2021-11-26T16:00:00.000+01:00,291.63,0.5663378257661086,223.31,0.4336621742338913
2021-11-22T10:00:00.000+01:00,324.51,0.5668098931041711,248.01,0.433190106895829
2021-11-23T17:00:00.000+01:00,308.56,0.5643633171159966,238.18,0.43563668288400337
2021-11-27T05:00:00.000+01:00,225.8,0.5652489548651963,173.67,0.43475104513480356
2021-11-17T09:00:00.000+01:00,275.69,0.5652049121512188,212.08,0.43479508784878124
2021-11-17T21:00:00.000+01:00,302.98,0.5793338177368159,220.0,0.42066618226318403
2021-11-06T12:00:00.000+01:00,167.28,0.5592591354351242,131.83,0.4407408645648758
2021-11-15T02:00:00.000+01:00,203.95,0.5669057149210585,155.81,0.43309428507894154
2021-11-20T17:00:00.000+01:00,289.59,0.5573432899016533,230.0,0.44265671009834684
2021-11-26T17:00:00.000+01:00,312.06,0.5652646451472667,240.0,0.43473535485273346
2021-11-19T20:00:00.000+01:00,343.72,0.5729812629192504,256.16,0.42701873708074944
2021-11-20T03:00:00.000+01:00,246.15,0.562243033348561,191.65,0.43775696665143904
2021-11-10T10:00:00.000+01:00,266.85,0.575715734288365,196.66,0.42428426571163513
2021-11-01T07:00:00.000+01:00,115.06,0.5974039460020768,77.54,0.40259605399792314
2021-11-26T23:00:00.000+01:00,298.74,0.5692562739381467,226.05,0.43074372606185335
2021-11-11T04:00:00.000+01:00,197.54,0.5603335791683214,155.0,0.43966642083167873
2021-11-06T22:00:00.000+01:00,208.92,0.5557565439455203,167.0,0.44424345605447974
2021-11-04T04:00:00.000+01:00,188.42,0.564469742360695,145.38,0.43553025763930503
2021-11-20T10:00:00.000+01:00,269.42,0.5497245460110182,220.68,0.45027545398898183
2021-11-23T05:00:00.000+01:00,247.77,0.5535893826663986,199.8,0.44641061733360143
2021-11-02T20:00:00.000+01:00,301.87,0.5745308515092687,223.55,0.4254691484907312
2021-11-29T02:00:00.000+01:00,148.37,0.5798874384428985,107.49,0.42011256155710147
2021-11-12T19:00:00.000+01:00,282.36,0.5793663821405122,205.0,0.42063361785948783
2021-11-20T21:00:00.000+01:00,306.36,0.5514535145351455,249.19,0.4485464854648547
2021-11-21T04:00:00.000+01:00,294.58,0.5614148767890834,230.13,0.43858512321091647
2021-11-12T00:00:00.000+01:00,229.11,0.5543430921848537,184.19,0.4456569078151464
2021-11-19T03:00:00.000+01:00,250.6,0.5586268390548372,198.0,0.4413731609451627
2021-11-01T05:00:00.000+01:00,78.37,0.6560354930520677,41.09,0.34396450694793235
2021-11-30T08:00:00.000+01:00,379.79,0.5591972554735928,299.38,0.44080274452640716
2021-11-14T10:00:00.000+01:00,220.08,0.553966975432944,177.2,0.44603302456705596
2021-11-27T21:00:00.000+01:00,275.06,0.5513108313958149,223.86,0.44868916860418506
2021-11-05T17:00:00.000+01:00,249.54,0.5712388975368555,187.3,0.4287611024631444
2021-11-10T22:00:00.000+01:00,270.17,0.5721879831416651,202.0,0.4278120168583349
2021-11-27T16:00:00.000+01:00,244.06,0.5586558930574312,192.81,0.4413441069425687
2021-11-04T00:00:00.000+01:00,207.8,0.5568209223183901,165.39,0.44317907768160986
2021-11-20T23:00:00.000+01:00,301.65,0.5528269036928434,244.0,0.4471730963071566
2021-11-09T04:00:00.000+01:00,189.15,0.5652173913043479,145.5,0.4347826086956522
2021-11-12T11:00:00.000+01:00,257.98,0.5785083195048661,187.96,0.42149168049513386
2021-11-23T07:00:00.000+01:00,272.09,0.5475639451812199,224.82,0.4524360548187801
2021-11-11T10:00:00.000+01:00,247.69,0.5791344197900349,180.0,0.4208655802099652
2021-11-14T05:00:00.000+01:00,193.19,0.5712469321978769,145.0,0.4287530678021231
2021-11-28T18:00:00.000+01:00,305.76,0.552212389380531,247.94,0.447787610619469
2021-11-09T14:00:00.000+01:00,231.73,0.5690116635972989,175.52,0.43098833640270107
2021-11-18T18:00:00.000+01:00,367.82,0.5707502521529987,276.63,0.42924974784700126
2021-11-01T04:00:00.000+01:00,48.11,0.7623197591506893,15.0,0.23768024084931072
2021-11-25T11:00:00.000+01:00,306.67,0.5714312333463767,230.0,0.4285687666536232
2021-11-01T17:00:00.000+01:00,172.94,0.5618035928921807,134.89,0.4381964071078192
2021-11-20T22:00:00.000+01:00,296.3,0.5524789767112305,240.01,0.4475210232887696
2021-11-20T09:00:00.000+01:00,266.05,0.5545134329602535,213.74,0.44548656703974654
2021-11-01T16:00:00.000+01:00,118.75,0.5828220858895705,85.0,0.4171779141104294
2021-11-09T21:00:00.000+01:00,273.87,0.5809838986826195,197.52,0.41901610131738054
2021-11-13T08:00:00.000+01:00,217.37,0.5554221177432543,173.99,0.4445778822567457
2021-11-28T10:00:00.000+01:00,250.8,0.5526541944866795,203.01,0.44734580551332054
2021-11-21T05:00:00.000+01:00,290.84,0.5601910705343041,228.34,0.43980892946569594
2021-11-02T14:00:00.000+01:00,158.22,0.5921850437907029,108.96,0.4078149562092971
2021-11-03T09:00:00.000+01:00,236.4,0.5670016549540691,180.53,0.432998345045931
2021-11-06T18:00:00.000+01:00,232.1,0.554957798340626,186.13,0.445042201659374
2021-11-09T13:00:00.000+01:00,237.54,0.5807823960880195,171.46,0.4192176039119805
2021-11-02T06:00:00.000+01:00,176.54,0.564043579667082,136.45,0.4359564203329179
2021-11-12T13:00:00.000+01:00,255.14,0.5789820046747,185.53,0.42101799532530015
2021-11-17T00:00:00.000+01:00,243.14,0.5561935262495711,194.01,0.4438064737504289
2021-11-08T15:00:00.000+01:00,194.69,0.5812162283189539,140.28,0.418783771681046
2021-11-13T02:00:00.000+01:00,222.25,0.5616486821156907,173.46,0.4383513178843092
2021-11-27T14:00:00.000+01:00,215.29,0.5537863977775491,173.47,0.4462136022224509
2021-11-02T00:00:00.000+01:00,150.42,0.5751539020380071,111.11,0.4248460979619929
2021-11-12T21:00:00.000+01:00,253.11,0.5848873483535529,179.64,0.4151126516464471
2021-11-12T05:00:00.000+01:00,210.29,0.5595944543495037,165.5,0.44040554565049633
2021-11-19T14:00:00.000+01:00,291.83,0.5644571671727819,225.18,0.43554283282721806
2021-11-23T02:00:00.000+01:00,248.23,0.5550387943563714,199.0,0.44496120564362857
2021-11-29T05:00:00.000+01:00,242.14,0.5616273136336225,189.0,0.43837268636637755
2021-11-01T09:00:00.000+01:00,120.93,0.5860431306033438,85.42,0.4139568693966561
2021-11-19T22:00:00.000+01:00,298.86,0.5688670625856556,226.5,0.43113293741434444
2021-11-11T12:00:00.000+01:00,242.86,0.5794521855315901,176.26,0.42054781446841
2021-11-26T06:00:00.000+01:00,277.16,0.5516939368605439,225.22,0.4483060631394562
2021-11-04T01:00:00.000+01:00,196.01,0.5624067485366694,152.51,0.43759325146333067
2021-11-13T11:00:00.000+01:00,215.78,0.548709472345836,177.47,0.451290527654164
2021-11-24T19:00:00.000+01:00,328.24,0.5726048426488033,245.0,0.4273951573511967
2021-11-14T11:00:00.000+01:00,210.41,0.5545569553529072,169.01,0.44544304464709294
2021-11-28T19:00:00.000+01:00,296.03,0.5522020556249884,240.06,0.44779794437501175
2021-11-30T16:00:00.000+01:00,358.68,0.559807716319141,282.04,0.44019228368085905
2021-11-07T19:00:00.000+01:00,242.6,0.5546410608139003,194.8,0.44535893918609976
2021-11-04T05:00:00.000+01:00,203.74,0.5607265721755883,159.61,0.43927342782441176
2021-11-07T03:00:00.000+01:00,122.02,0.6077298535710728,78.76,0.3922701464289272
2021-11-04T14:00:00.000+01:00,208.57,0.5740827392584845,154.74,0.42591726074151554
2021-11-14T08:00:00.000+01:00,207.71,0.5640461642905635,160.54,0.4359538357094365
2021-11-12T14:00:00.000+01:00,243.49,0.5684370257966616,184.86,0.4315629742033384
2021-11-03T08:00:00.000+01:00,250.13,0.5682448089417965,190.05,0.4317551910582035
2021-11-16T20:00:00.000+01:00,334.32,0.5721522453450165,250.0,0.4278477546549836
2021-11-03T12:00:00.000+01:00,199.46,0.5963642887041798,135.0,0.4036357112958201
2021-11-19T04:00:00.000+01:00,252.21,0.558134903071612,199.67,0.44186509692838805
2021-11-07T15:00:00.000+01:00,159.94,0.5688980579070926,121.2,0.4311019420929075
2021-11-02T01:00:00.000+01:00,137.97,0.5827174050766567,98.8,0.41728259492334335
2021-11-11T13:00:00.000+01:00,243.89,0.5795038730219074,176.97,0.42049612697809247
2021-11-19T17:00:00.000+01:00,317.09,0.5653840667570074,243.75,0.4346159332429927
2021-11-13T18:00:00.000+01:00,270.41,0.5513957708855856,220.0,0.44860422911441444
2021-11-01T18:00:00.000+01:00,226.97,0.553625875064029,183.0,0.4463741249359709
2021-11-08T01:00:00.000+01:00,216.58,0.5665777219693403,165.68,0.4334222780306598
2021-11-04T18:00:00.000+01:00,274.56,0.5789962041332771,199.64,0.4210037958667229
2021-11-17T18:00:00.000+01:00,323.91,0.5743186935938581,240.08,0.425681306406142
2021-11-26T14:00:00.000+01:00,254.74,0.56630282551186,195.09,0.43369717448813994
2021-11-06T19:00:00.000+01:00,234.62,0.5521379991998682,190.31,0.4478620008001318
2021-11-02T07:00:00.000+01:00,214.64,0.5515469215746737,174.52,0.4484530784253264
2021-11-01T06:00:00.000+01:00,96.4,0.6231818475661,58.29,0.37681815243390004
2021-11-18T05:00:00.000+01:00,257.32,0.562669465582087,200.0,0.4373305344179131
2021-11-21T13:00:00.000+01:00,258.67,0.5475656223539374,213.73,0.45243437764606265
2021-11-06T04:00:00.000+01:00,192.77,0.5724084686878286,144.0,0.42759153131217154
2021-11-09T12:00:00.000+01:00,235.45,0.5814872440789312,169.46,0.41851275592106896
2021-11-20T04:00:00.000+01:00,242.95,0.5637544958811928,188.0,0.4362455041188073
2021-11-19T10:00:00.000+01:00,302.74,0.5732409300916459,225.38,0.42675906990835416
2021-11-05T12:00:00.000+01:00,221.7,0.5880012730744749,155.34,0.4119987269255252
2021-11-16T17:00:00.000+01:00,274.7,0.5669762641898864,209.8,0.43302373581011355
2021-11-10T16:00:00.000+01:00,258.86,0.5695489548954896,195.64,0.43045104510451043
2021-11-02T19:00:00.000+01:00,273.58,0.5776848684488365,200.0,0.4223151315511635
2021-11-06T14:00:00.000+01:00,170.2,0.557648831951771,135.01,0.4423511680482291
2021-11-22T13:00:00.000+01:00,318.53,0.5668096161716817,243.44,0.4331903838283182
2021-11-04T06:00:00.000+01:00,225.94,0.5558589809826063,180.53,0.4441410190173936
2021-11-17T08:00:00.000+01:00,302.57,0.5650549984126094,232.9,0.4349450015873905
2021-11-18T09:00:00.000+01:00,296.53,0.5631777866408372,230.0,0.4368222133591628
2021-11-25T17:00:00.000+01:00,303.14,0.5660877684407096,232.36,0.43391223155929043
2021-11-30T17:00:00.000+01:00,381.42,0.559742889847671,300.0,0.44025711015232893
2021-11-06T16:00:00.000+01:00,179.17,0.5630204569022405,139.06,0.43697954309775944
2021-11-01T12:00:00.000+01:00,106.85,0.5749878921595006,78.98,0.4250121078404994
2021-11-30T05:00:00.000+01:00,297.51,0.5530234027919771,240.46,0.44697659720802274
2021-11-11T19:00:00.000+01:00,312.45,0.5737870496198626,232.09,0.4262129503801374
2021-11-11T00:00:00.000+01:00,209.1,0.554450719910906,168.03,0.44554928008909395
2021-11-02T21:00:00.000+01:00,277.02,0.5795155014434542,201.0,0.4204844985565458
2021-11-01T19:00:00.000+01:00,220.7,0.5509236145781328,179.9,0.4490763854218672
2021-11-29T01:00:00.000+01:00,247.16,0.5621233141531533,192.53,0.43787668584684664
2021-11-23T03:00:00.000+01:00,241.51,0.5557447591872425,193.06,0.44425524081275747
2021-11-13T21:00:00.000+01:00,247.68,0.5524871737675664,200.62,0.44751282623243366
2021-11-17T20:00:00.000+01:00,319.25,0.5760036084799278,235.0,0.4239963915200722
2021-11-16T23:00:00.000+01:00,253.85,0.573218922885853,189.0,0.426781077114147
2021-11-04T20:00:00.000+01:00,256.11,0.5816451671511628,184.21,0.4183548328488372
2021-11-08T22:00:00.000+01:00,251.51,0.5733859201167244,187.13,0.4266140798832756
2021-11-25T01:00:00.000+01:00,273.74,0.5560656536930203,218.54,0.44393434630697975
2021-11-22T02:00:00.000+01:00,253.96,0.5606676086188626,199.0,0.4393323913811374
2021-11-27T15:00:00.000+01:00,214.73,0.5555756791720569,171.77,0.4444243208279431
2021-11-26T05:00:00.000+01:00,270.12,0.5552540700542674,216.36,0.44474592994573264
2021-11-15T22:00:00.000+01:00,261.55,0.5722819070958144,195.48,0.4277180929041857
2021-11-15T10:00:00.000+01:00,246.8,0.5784736546034127,179.84,0.4215263453965873
2021-11-28T20:00:00.000+01:00,285.27,0.5514062046970135,232.08,0.4485937953029864
2021-11-24T11:00:00.000+01:00,306.56,0.5710241031181313,230.3,0.42897589688186866
2021-11-11T14:00:00.000+01:00,229.3,0.5691662322833668,173.57,0.4308337677166331
2021-11-08T14:00:00.000+01:00,193.09,0.579902093281677,139.88,0.4200979067183229
2021-11-17T12:00:00.000+01:00,236.15,0.5885798315138826,165.07,0.4114201684861173
2021-11-14T06:00:00.000+01:00,203.86,0.567428396470621,155.41,0.432571603529379
2021-11-24T18:00:00.000+01:00,318.13,0.5736102847045671,236.48,0.4263897152954328
2021-11-14T09:00:00.000+01:00,215.06,0.5584088489600915,170.07,0.4415911510399086
2021-11-15T19:00:00.000+01:00,309.17,0.5730995236065026,230.3,0.4269004763934973
2021-11-13T17:00:00.000+01:00,259.1,0.552334257088041,210.0,0.44766574291195904
2021-11-14T02:00:00.000+01:00,217.58,0.5654072033678083,167.24,0.43459279663219164
2021-11-15T11:00:00.000+01:00,212.77,0.586514871681782,150.0,0.41348512831821815
2021-11-12T08:00:00.000+01:00,276.33,0.566970331158439,211.05,0.433029668841561
2021-11-12T04:00:00.000+01:00,204.38,0.5610981468771448,159.87,0.4389018531228552
2021-11-28T13:00:00.000+01:00,237.32,0.5517401715760352,192.81,0.44825982842396483
2021-11-18T11:00:00.000+01:00,273.29,0.5770237743338542,200.33,0.4229762256661459
2021-11-14T20:00:00.000+01:00,248.75,0.5543175487465181,200.0,0.4456824512534819
2021-11-10T00:00:00.000+01:00,232.47,0.5541861352150281,187.01,0.4458138647849718
2021-11-16T13:00:00.000+01:00,256.69,0.5748936170212766,189.81,0.4251063829787234
2021-11-10T21:00:00.000+01:00,302.98,0.5777760826865501,221.41,0.42222391731344994
2021-11-17T23:00:00.000+01:00,273.2,0.5748190540313078,202.08,0.4251809459686922
2021-11-30T12:00:00.000+01:00,350.31,0.5647337621511825,270.0,0.43526623784881757
2021-11-16T10:00:00.000+01:00,261.02,0.5746301514617823,193.22,0.4253698485382177
2021-11-12T12:00:00.000+01:00,256.79,0.5782126049852514,187.32,0.42178739501474855
2021-11-16T11:00:00.000+01:00,245.93,0.5769889496281351,180.3,0.423011050371865
2021-11-22T07:00:00.000+01:00,301.65,0.5468141031451101,250.0,0.4531858968548899
2021-11-02T09:00:00.000+01:00,226.27,0.5684318946892428,171.79,0.4315681053107572
2021-11-25T22:00:00.000+01:00,301.09,0.5678800452659373,229.11,0.4321199547340626
2021-11-25T12:00:00.000+01:00,299.05,0.5719504265004016,223.81,0.4280495734995984
2021-11-10T05:00:00.000+01:00,229.21,0.5565916320633302,182.6,0.4434083679366698
2021-11-19T13:00:00.000+01:00,302.24,0.5728365111254312,225.38,0.4271634888745688
2021-11-03T14:00:00.000+01:00,169.58,0.5896793935600528,118.0,0.4103206064399471
2021-11-29T17:00:00.000+01:00,314.26,0.5618708766158302,245.05,0.4381291233841698
2021-11-13T05:00:00.000+01:00,197.5,0.5653841749685102,151.82,0.43461582503148977
2021-11-11T18:00:00.000+01:00,315.93,0.5744912988925863,234.0,0.4255087011074136
2021-11-19T18:00:00.000+01:00,353.83,0.5716247435338212,265.16,0.4283752564661788
2021-11-22T00:00:00.000+01:00,286.35,0.5556310152126669,229.01,0.4443689847873331
2021-11-27T20:00:00.000+01:00,291.93,0.5504374387208688,238.43,0.44956256127913113
2021-11-04T17:00:00.000+01:00,251.79,0.5705513131358908,189.52,0.42944868686410914
2021-11-22T12:00:00.000+01:00,323.48,0.5664355256706591,247.6,0.43356447432934087
2021-11-20T14:00:00.000+01:00,255.66,0.5480855807571924,210.8,0.4519144192428075
2021-11-18T13:00:00.000+01:00,295.46,0.5733858603892954,219.83,0.4266141396107047
2021-11-08T16:00:00.000+01:00,223.79,0.5757840841845268,164.88,0.4242159158154733
2021-11-08T12:00:00.000+01:00,204.83,0.5921824857613692,141.06,0.4078175142386308
2021-11-24T05:00:00.000+01:00,264.06,0.5533528918692372,213.14,0.44664710813076275
2021-11-22T11:00:00.000+01:00,321.51,0.5670170364361046,245.51,0.43298296356389543
2021-11-10T20:00:00.000+01:00,311.29,0.575078514686865,230.01,0.42492148531313506
2021-11-18T17:00:00.000+01:00,334.94,0.5648800890477956,258.0,0.4351199109522042
2021-11-04T22:00:00.000+01:00,236.65,0.5740309513413865,175.61,0.4259690486586135
2021-11-08T05:00:00.000+01:00,202.1,0.5698576060905118,152.55,0.4301423939094883
2021-11-28T22:00:00.000+01:00,262.51,0.5535616380582852,211.71,0.4464383619417148
2021-11-20T00:00:00.000+01:00,263.26,0.564862893189718,202.8,0.43513710681028195
2021-11-13T23:00:00.000+01:00,227.78,0.5579014401881063,180.5,0.44209855981189383
2021-11-25T20:00:00.000+01:00,342.82,0.5715953047885821,256.94,0.4284046952114179
2021-11-24T14:00:00.000+01:00,271.17,0.564208730389913,209.45,0.43579126961008696
2021-11-24T13:00:00.000+01:00,296.95,0.571816448749302,222.36,0.4281835512506981
2021-11-16T16:00:00.000+01:00,253.18,0.5678846196980911,192.65,0.43211538030190877
2021-11-08T03:00:00.000+01:00,188.14,0.5743855899862617,139.41,0.4256144100137384
2021-11-03T22:00:00.000+01:00,225.28,0.5758691206543968,165.92,0.42413087934560323
2021-11-29T14:00:00.000+01:00,275.99,0.5620061904374033,215.09,0.4379938095625967
2021-11-03T16:00:00.000+01:00,173.95,0.5919686915092733,119.9,0.40803130849072655
2021-11-24T08:00:00.000+01:00,339.41,0.5615558974868052,265.0,0.4384441025131946
2021-11-05T21:00:00.000+01:00,273.99,0.5803766231015273,198.1,0.41962337689847273
2021-11-22T09:00:00.000+01:00,319.72,0.5572753259429687,254.0,0.4427246740570313
2021-11-28T23:00:00.000+01:00,243.14,0.5561299176578225,194.06,0.4438700823421775
2021-11-23T15:00:00.000+01:00,284.96,0.5632065775950668,221.0,0.43679342240493324
2021-11-24T23:00:00.000+01:00,272.28,0.5711408973632874,204.45,0.4288591026367126
2021-11-19T00:00:00.000+01:00,272.89,0.5535967866271757,220.05,0.4464032133728243
2021-11-22T21:00:00.000+01:00,324.41,0.5740449100207032,240.72,0.4259550899792968
2021-11-20T16:00:00.000+01:00,282.0,0.55078125,230.0,0.44921875
2021-11-28T00:00:00.000+01:00,265.17,0.5580294198110229,210.02,0.441970580188977
2021-11-16T07:00:00.000+01:00,243.02,0.5489124296975584,199.71,0.4510875703024417
2021-11-01T23:00:00.000+01:00,173.15,0.562084077260185,134.9,0.43791592273981494
2021-11-25T16:00:00.000+01:00,289.65,0.566364240741465,221.77,0.4336357592585351
2021-11-29T21:00:00.000+01:00,358.77,0.5705901999141181,270.0,0.429409800085882
2021-11-20T05:00:00.000+01:00,244.17,0.5626296142679386,189.81,0.4373703857320614
2021-11-18T08:00:00.000+01:00,312.68,0.5648325445283428,240.9,0.4351674554716572
2021-11-17T03:00:00.000+01:00,213.03,0.5642431466030989,164.52,0.43575685339690107
2021-11-24T02:00:00.000+01:00,254.6,0.5546236793377628,204.45,0.44537632066223726
2021-11-28T05:00:00.000+01:00,229.92,0.5685178774541318,174.5,0.4314821225458682
2021-11-17T16:00:00.000+01:00,251.97,0.5779526114182169,184.0,0.42204738858178314
2021-11-15T17:00:00.000+01:00,262.75,0.5678011885467315,200.0,0.4321988114532685
2021-11-11T22:00:00.000+01:00,242.22,0.5736683797930038,180.01,0.42633162020699616
2021-11-15T21:00:00.000+01:00,297.84,0.5776234897116149,217.79,0.4223765102883851
2021-11-21T02:00:00.000+01:00,304.08,0.5595877806404123,239.32,0.4404122193595878
2021-11-30T22:00:00.000+01:00,363.56,0.5637463172584897,281.34,0.4362536827415103
2021-11-22T17:00:00.000+01:00,317.68,0.561887580034667,247.7,0.438112419965333
2021-11-16T22:00:00.000+01:00,261.58,0.570886075949367,196.62,0.4291139240506329
2021-11-07T06:00:00.000+01:00,131.62,0.6029041271586276,86.69,0.3970958728413723
2021-11-30T03:00:00.000+01:00,280.73,0.5543641390205372,225.67,0.4456358609794629
2021-11-13T07:00:00.000+01:00,219.04,0.5575948883741059,173.79,0.44240511162589413
2021-11-30T14:00:00.000+01:00,341.92,0.5578360035239991,271.02,0.44216399647600085
2021-11-23T00:00:00.000+01:00,263.6,0.5507730881738404,215.0,0.4492269118261596
2021-11-25T18:00:00.000+01:00,333.93,0.5718664908465055,250.0,0.42813350915349435
2021-11-28T21:00:00.000+01:00,284.51,0.5514828455126962,231.39,0.4485171544873037
2021-11-14T21:00:00.000+01:00,244.33,0.5548792950741489,196.0,0.44512070492585104
2021-11-05T14:00:00.000+01:00,194.81,0.580119710550609,141.0,0.41988028944939104
2021-11-25T04:00:00.000+01:00,258.08,0.5585059187604147,204.01,0.4414940812395854
2021-11-10T02:00:00.000+01:00,226.61,0.5580015266799636,179.5,0.44199847332003644
2021-11-13T14:00:00.000+01:00,215.01,0.5491533215845529,176.52,0.4508466784154472
2021-11-20T11:00:00.000+01:00,263.6,0.5474558670820353,217.9,0.4525441329179647
2021-11-17T22:00:00.000+01:00,287.7,0.5723095285458524,215.0,0.4276904714541476
2021-11-14T15:00:00.000+01:00,195.67,0.5573373590064943,155.41,0.4426626409935058
2021-11-04T03:00:00.000+01:00,186.03,0.5652860919505301,143.06,0.4347139080494697
2021-11-26T00:00:00.000+01:00,295.43,0.5517621351063631,240.0,0.4482378648936368
2021-11-29T20:00:00.000+01:00,381.58,0.5681824950117633,290.0,0.43181750498823673
2021-11-29T13:00:00.000+01:00,287.55,0.5702641599238458,216.69,0.4297358400761542
2021-11-21T00:00:00.000+01:00,332.76,0.5523720991998937,269.66,0.4476279008001062
2021-11-21T03:00:00.000+01:00,297.44,0.5599713839260501,233.73,0.44002861607395
2021-11-30T07:00:00.000+01:00,353.27,0.5467306353014006,292.88,0.4532693646985994
2021-11-07T13:00:00.000+01:00,161.33,0.5674040727323884,123.0,0.43259592726761154
2021-11-05T22:00:00.000+01:00,253.87,0.5722690591046391,189.75,0.4277309408953609
2021-11-09T05:00:00.000+01:00,201.48,0.5623691629218187,156.79,0.43763083707818123
2021-11-17T14:00:00.000+01:00,223.36,0.5775008402926805,163.41,0.4224991597073196
2021-11-08T02:00:00.000+01:00,199.76,0.5709712456411136,150.1,0.4290287543588864
2021-11-05T01:00:00.000+01:00,205.51,0.561042861042861,160.79,0.438957138957139
2021-11-19T01:00:00.000+01:00,271.05,0.5570054662775883,215.57,0.4429945337224117
2021-11-03T00:00:00.000+01:00,187.22,0.5607067984426475,146.68,0.4392932015573526
2021-11-20T01:00:00.000+01:00,256.84,0.5634433134433134,199.0,0.43655668655668656
2021-11-08T00:00:00.000+01:00,221.36,0.5615138755009893,172.86,0.4384861244990107
2021-11-18T10:00:00.000+01:00,284.47,0.575302849515643,210.0,0.42469715048435697
2021-11-24T04:00:00.000+01:00,242.54,0.5555835528576337,194.01,0.44441644714236633
2021-11-29T07:00:00.000+01:00,266.23,0.5483399242049761,219.29,0.4516600757950239
2021-11-18T23:00:00.000+01:00,305.19,0.5700756514429812,230.16,0.4299243485570187
2021-11-03T19:00:00.000+01:00,263.55,0.579765937788728,191.03,0.4202340622112719
2021-11-01T08:00:00.000+01:00,126.32,0.5871798447450378,88.81,0.41282015525496213
2021-11-21T14:00:00.000+01:00,251.38,0.5473111256259526,207.92,0.4526888743740475
2021-11-01T11:00:00.000+01:00,106.24,0.5756705499864535,78.31,0.42432945001354644
2021-11-14T13:00:00.000+01:00,210.71,0.5534368187429412,170.02,0.4465631812570588
2021-11-20T02:00:00.000+01:00,253.81,0.5605220732757669,199.0,0.43947792672423314
2021-11-24T15:00:00.000+01:00,262.47,0.5666206122360865,200.75,0.43337938776391344
2021-11-21T08:00:00.000+01:00,265.52,0.5559580393224314,212.07,0.4440419606775686
2021-11-12T23:00:00.000+01:00,226.05,0.5780590717299579,165.0,0.4219409282700422
2021-11-11T17:00:00.000+01:00,268.07,0.5691869970486443,202.9,0.4308130029513557
2021-11-10T01:00:00.000+01:00,227.05,0.5565496617315423,180.91,0.44345033826845764
2021-11-09T08:00:00.000+01:00,249.8,0.5695394436844505,188.8,0.43046055631554947
2021-11-26T19:00:00.000+01:00,337.41,0.5731150102763576,251.32,0.4268849897236424
2021-11-24T21:00:00.000+01:00,320.17,0.5752142433660912,236.44,0.42478575663390883
2021-11-13T03:00:00.000+01:00,197.16,0.5649607427359734,151.82,0.43503925726402654
2021-11-14T03:00:00.000+01:00,205.14,0.5683335642055686,155.81,0.43166643579443137
2021-11-03T10:00:00.000+01:00,233.27,0.5829126892898197,166.91,0.4170873107101804
2021-11-13T19:00:00.000+01:00,263.49,0.5518230748287922,214.0,0.4481769251712078
2021-11-12T16:00:00.000+01:00,246.67,0.5713127663516768,185.09,0.4286872336483232
2021-11-04T08:00:00.000+01:00,254.19,0.5684669573968467,192.96,0.43153304260315334
2021-11-26T08:00:00.000+01:00,318.35,0.5636907713010837,246.41,0.43630922869891636
2021-11-23T20:00:00.000+01:00,369.91,0.5711308053359684,277.77,0.42886919466403156
2021-11-11T08:00:00.000+01:00,263.45,0.5680862533692722,200.3,0.4319137466307278
2021-11-01T02:00:00.000+01:00,78.75,0.6419662509170946,43.92,0.35803374908290536
2021-11-28T02:00:00.000+01:00,244.7,0.565362044267825,188.12,0.43463795573217506
2021-11-23T22:00:00.000+01:00,313.36,0.5672598251298854,239.05,0.43274017487011457
2021-11-22T19:00:00.000+01:00,351.45,0.5708415222440593,264.22,0.4291584777559407
2021-11-18T22:00:00.000+01:00,315.18,0.567482895210659,240.22,0.432517104789341
2021-11-22T18:00:00.000+01:00,344.96,0.5708139592606689,259.37,0.4291860407393312
2021-11-01T13:00:00.000+01:00,97.26,0.5793423874195854,70.62,0.4206576125804146
2021-11-16T14:00:00.000+01:00,229.04,0.5668745668745669,175.0,0.43312543312543317
2021-11-09T18:00:00.000+01:00,290.52,0.5769436997319035,213.03,0.42305630026809654
2021-11-08T11:00:00.000+01:00,204.11,0.5913318075151375,141.06,0.4086681924848625
2021-11-10T15:00:00.000+01:00,253.5,0.5684748727378737,192.43,0.43152512726212633
2021-11-21T09:00:00.000+01:00,275.1,0.5514462685669613,223.77,0.44855373143303867
2021-11-14T23:00:00.000+01:00,208.69,0.5629771507189295,162.0,0.43702284928107044
2021-11-21T07:00:00.000+01:00,269.04,0.5572840068769809,213.73,0.44271599312301924
2021-11-14T22:00:00.000+01:00,232.79,0.5575541291435141,184.73,0.4424458708564859
2021-11-16T04:00:00.000+01:00,204.93,0.5598262579904933,161.13,0.4401737420095066
2021-11-21T22:00:00.000+01:00,276.72,0.5521589911405539,224.44,0.44784100885944605
2021-11-16T08:00:00.000+01:00,267.69,0.5663119592121687,205.0,0.43368804078783135
2021-11-18T04:00:00.000+01:00,233.31,0.5677471163673529,177.63,0.4322528836326471
2021-11-07T22:00:00.000+01:00,226.88,0.5578421971429274,179.83,0.4421578028570726
2021-11-10T17:00:00.000+01:00,276.05,0.5679456846003498,210.0,0.4320543153996502
2021-11-03T18:00:00.000+01:00,252.04,0.5828996970327713,180.35,0.41710030296722866
2021-11-23T10:00:00.000+01:00,294.03,0.5706660973526899,221.21,0.42933390264731
2021-11-28T08:00:00.000+01:00,239.88,0.5632704816023669,185.99,0.4367295183976331
2021-11-24T12:00:00.000+01:00,303.33,0.5715120113047574,227.42,0.42848798869524257
2021-11-01T00:00:00.000+01:00,116.38,0.5974025974025974,78.43,0.4025974025974026
2021-11-09T10:00:00.000+01:00,239.17,0.5815825308822099,172.07,0.4184174691177901
2021-11-12T17:00:00.000+01:00,252.7,0.5708154506437768,190.0,0.4291845493562232
2021-11-25T06:00:00.000+01:00,272.5,0.5519322693024385,221.22,0.44806773069756134
2021-11-02T03:00:00.000+01:00,133.73,0.5868954621258667,94.13,0.41310453787413326
2021-11-06T06:00:00.000+01:00,194.63,0.5698433611477091,146.92,0.43015663885229105
2021-11-26T09:00:00.000+01:00,310.12,0.5611609727851766,242.52,0.43883902721482343
2021-11-16T00:00:00.000+01:00,226.63,0.5539044360259074,182.52,0.44609556397409267
2021-11-09T03:00:00.000+01:00,189.02,0.5652850050840361,145.36,0.43471499491596394
2021-11-22T06:00:00.000+01:00,294.6,0.5510662177328844,240.0,0.44893378226711556
2021-11-24T10:00:00.000+01:00,316.6,0.5693732578005576,239.45,0.4306267421994425
2021-11-16T12:00:00.000+01:00,252.72,0.5753312389017894,186.54,0.4246687610982106
2021-11-28T07:00:00.000+01:00,239.87,0.5648784853051997,184.77,0.4351215146948003
2021-11-24T06:00:00.000+01:00,288.78,0.5497848684461029,236.48,0.4502151315538971
2021-11-29T00:00:00.000+01:00,253.16,0.5592718596739275,199.5,0.4407281403260726
2021-11-16T05:00:00.000+01:00,221.92,0.5575599216119793,176.1,0.4424400783880207
2021-11-02T15:00:00.000+01:00,182.35,0.581640139070524,131.16,0.4183598609294759
2021-11-28T04:00:00.000+01:00,232.66,0.5693241325307101,176.0,0.43067586746928993
2021-11-12T15:00:00.000+01:00,240.51,0.5700639962076322,181.39,0.42993600379236785
2021-11-01T15:00:00.000+01:00,99.64,0.5805173619202983,72.0,0.4194826380797017
2021-11-15T16:00:00.000+01:00,231.35,0.5742974878363618,171.49,0.42570251216363814
2021-11-19T07:00:00.000+01:00,286.91,0.5489419507901886,235.75,0.4510580492098113
2021-11-05T19:00:00.000+01:00,277.07,0.5792202362287028,201.28,0.42077976377129717
2021-11-30T19:00:00.000+01:00,397.1,0.5675289409747034,302.6,0.43247105902529653
2021-11-03T06:00:00.000+01:00,203.5,0.5570306298415131,161.83,0.4429693701584868
2021-11-03T07:00:00.000+01:00,232.31,0.5520150175838798,188.53,0.4479849824161201
2021-11-18T16:00:00.000+01:00,315.67,0.5655344154215486,242.51,0.4344655845784513
2021-11-09T07:00:00.000+01:00,231.66,0.5510990579503283,188.7,0.4489009420496717
2021-11-29T06:00:00.000+01:00,245.34,0.559958004290866,192.8,0.4400419957091341
2021-11-19T09:00:00.000+01:00,298.73,0.5624635197981586,232.38,0.4375364802018414
2021-11-06T07:00:00.000+01:00,208.66,0.5623349323559532,162.4,0.4376650676440468
2021-11-06T10:00:00.000+01:00,174.32,0.5562575786584977,139.06,0.4437424213415023
2021-11-17T01:00:00.000+01:00,236.2,0.5598748459277519,185.68,0.44012515407224806
2021-11-28T15:00:00.000+01:00,235.36,0.5539316058273906,189.53,0.4460683941726094
2021-11-30T01:00:00.000+01:00,308.52,0.5523884552030366,250.0,0.4476115447969634
2021-11-25T07:00:00.000+01:00,286.54,0.5478566785208979,236.48,0.45214332147910213
2021-11-29T09:00:00.000+01:00,293.69,0.5593242934409995,231.39,0.44067570655900057
2021-11-16T06:00:00.000+01:00,240.15,0.5540047983759343,193.33,0.4459952016240657
2021-11-08T04:00:00.000+01:00,187.74,0.5739529195964537,139.36,0.42604708040354633
2021-11-29T15:00:00.000+01:00,291.63,0.5619833118146955,227.3,0.43801668818530437
2021-11-28T11:00:00.000+01:00,251.81,0.5524450977380926,204.0,0.44755490226190736
2021-11-12T20:00:00.000+01:00,259.45,0.5828634331543594,185.68,0.4171365668456406
2021-11-11T03:00:00.000+01:00,194.55,0.5605820486961534,152.5,0.4394179513038467
2021-11-17T10:00:00.000+01:00,255.45,0.5823151271997812,183.23,0.4176848728002189
2021-11-12T18:00:00.000+01:00,283.01,0.5787407210486493,206.0,0.4212592789513507
2021-11-08T20:00:00.000+01:00,279.06,0.5780392319323902,203.71,0.42196076806760985
2021-11-28T17:00:00.000+01:00,286.73,0.5550006774674332,229.9,0.44499932253256685
2021-11-03T05:00:00.000+01:00,179.55,0.564179104477612,138.7,0.435820895522388
2021-11-13T13:00:00.000+01:00,214.58,0.5486576323190999,176.52,0.4513423676809
2021-11-27T04:00:00.000+01:00,231.56,0.564615234565493,178.56,0.435384765434507
2021-11-02T05:00:00.000+01:00,136.67,0.5818963682036871,98.2,0.4181036317963129
2021-11-10T12:00:00.000+01:00,264.94,0.5768594321546769,194.34,0.42314056784532317
2021-11-27T12:00:00.000+01:00,215.44,0.5533893298399732,173.87,0.4466106701600267
2021-11-08T08:00:00.000+01:00,244.74,0.5681849839810559,186.0,0.4318150160189441
2021-11-02T18:00:00.000+01:00,250.97,0.5816222479721901,180.53,0.41837775202780997
2021-11-14T07:00:00.000+01:00,214.3,0.5650924241225641,164.93,0.43490757587743584
2021-11-29T10:00:00.000+01:00,300.52,0.5694686576214658,227.2,0.430531342378534
2021-11-25T13:00:00.000+01:00,295.18,0.5726313339023822,220.3,0.42736866609761776
2021-11-08T19:00:00.000+01:00,276.48,0.5778297943487711,202.0,0.42217020565122887
2021-11-27T03:00:00.000+01:00,247.94,0.5612549800796813,193.82,0.4387450199203187
2021-11-11T21:00:00.000+01:00,277.82,0.5802180360051794,201.0,0.4197819639948206
2021-11-11T23:00:00.000+01:00,225.42,0.5776889367263781,164.79,0.4223110632736219
2021-11-20T07:00:00.000+01:00,251.6,0.5583666222814025,199.0,0.4416333777185974
