Familia,Tipo,Compuesto,Porcentaje,Valor,Fecha,BajasEmisiones
Renovable,Hidráulica,false,0.2501527274949462,62482.7,2025-01-01T01:00:00.000+01:00,true
Renovable,Hidráulica,false,0.22038596480524136,74771.5,2025-01-02T01:00:00.000+01:00,true
Renovable,Hidráulica,false,0.1648485050530301,73460.5,2025-01-03T01:00:00.000+01:00,true
Renovable,Hidráulica,false,0.18505996300516733,74196.7,2025-01-04T01:00:00.000+01:00,true
Renovable,Hidráulica,false,0.12602681740495542,53504.2,2025-01-05T01:00:00.000+01:00,true
Renovable,Hidráulica,false,0.1351000032777359,56554.5,2025-01-06T01:00:00.000+01:00,true
Renovable,Hidráulica,false,0.15538976694355497,74815.2,2025-01-07T01:00:00.000+01:00,true
Renovable,Hidráulica,false,0.17793138815511333,90055.0,2025-01-08T01:00:00.000+01:00,true
Renovable,Hidráulica,false,0.1755997530416789,95345.0,2025-01-09T01:00:00.000+01:00,true
Renovable,Hidráulica,false,0.22971821624344588,112964.2,2025-01-10T01:00:00.000+01:00,true
Renovable,Hidráulica,false,0.16941449929641925,81839.0,2025-01-11T01:00:00.000+01:00,true
Renovable,Hidráulica,false,0.1582135340551076,72832.8,2025-01-12T01:00:00.000+01:00,true
Renovable,Hidráulica,false,0.23949323491527166,110741.4,2025-01-13T01:00:00.000+01:00,true
Renovable,Hidráulica,false,0.33749441759727883,127533.7,2025-01-14T01:00:00.000+01:00,true
Renovable,Hidráulica,false,0.3182931001989041,139763.6,2025-01-15T01:00:00.000+01:00,true
Renovable,Hidráulica,false,0.30427331773508487,139264.5,2025-01-16T01:00:00.000+01:00,true
Renovable,Hidráulica,false,0.3804879475265988,143045.9,2025-01-17T01:00:00.000+01:00,true
Renovable,Hidráulica,false,0.4340430990049857,140324.6,2025-01-18T01:00:00.000+01:00,true
Renovable,Hidráulica,false,0.3736702676092717,125586.1,2025-01-19T01:00:00.000+01:00,true
Renovable,Hidráulica,false,0.45864436828047705,137049.4,2025-01-20T01:00:00.000+01:00,true
Renovable,Hidráulica,false,0.3307023824730558,122102.1,2025-01-21T01:00:00.000+01:00,true
Renovable,Hidráulica,false,0.25788498592273573,112758.4,2025-01-22T01:00:00.000+01:00,true
Renovable,Hidráulica,false,0.3479182467728357,127372.0,2025-01-23T01:00:00.000+01:00,true
Renovable,Hidráulica,false,0.25490798212412,106951.7,2025-01-24T01:00:00.000+01:00,true
Renovable,Hidráulica,false,0.19964710348021222,91164.1,2025-01-25T01:00:00.000+01:00,true
Renovable,Hidráulica,false,0.1774280303900244,80113.8,2025-01-26T01:00:00.000+01:00,true
Renovable,Hidráulica,false,0.15375220772048517,83644.6,2025-01-27T01:00:00.000+01:00,true
Renovable,Hidráulica,false,0.18858873532722997,107853.5,2025-01-28T01:00:00.000+01:00,true
Renovable,Hidráulica,false,0.23796466727875662,124370.1,2025-01-29T01:00:00.000+01:00,true
Renovable,Hidráulica,false,0.21917162106931412,122125.2,2025-01-30T01:00:00.000+01:00,true
Renovable,Hidráulica,false,0.3031528324792669,155024.0,2025-01-31T01:00:00.000+01:00,true
Renovable,Eólica,false,0.3778424897659607,94376.82,2025-01-01T01:00:00.000+01:00,true
Renovable,Eólica,false,0.4607577325825151,156323.688,2025-01-02T01:00:00.000+01:00,true
Renovable,Eólica,false,0.6314876786051045,281406.256,2025-01-03T01:00:00.000+01:00,true
Renovable,Eólica,false,0.6010793027411635,240992.703,2025-01-04T01:00:00.000+01:00,true
Renovable,Eólica,false,0.750608092313658,318667.775,2025-01-05T01:00:00.000+01:00,true
Renovable,Eólica,false,0.6918944529674628,289635.41,2025-01-06T01:00:00.000+01:00,true
Renovable,Eólica,false,0.660265758722348,317896.833,2025-01-07T01:00:00.000+01:00,true
Renovable,Eólica,false,0.6778211933921331,343060.256,2025-01-08T01:00:00.000+01:00,true
Renovable,Eólica,false,0.6667429468285864,362019.907,2025-01-09T01:00:00.000+01:00,true
Renovable,Eólica,false,0.6083734956006601,299168.374,2025-01-10T01:00:00.000+01:00,true
Renovable,Eólica,false,0.6756038088612373,326363.684,2025-01-11T01:00:00.000+01:00,true
Renovable,Eólica,false,0.6135474029245387,282443.443,2025-01-12T01:00:00.000+01:00,true
Renovable,Eólica,false,0.4793138516894932,221634.181,2025-01-13T01:00:00.000+01:00,true
Renovable,Eólica,false,0.30594529462331127,115611.795,2025-01-14T01:00:00.000+01:00,true
Renovable,Eólica,false,0.3745169347392176,164451.68,2025-01-15T01:00:00.000+01:00,true
Renovable,Eólica,false,0.4241686218188333,194140.03,2025-01-16T01:00:00.000+01:00,true
Renovable,Eólica,false,0.30021283438085605,112866.164,2025-01-17T01:00:00.000+01:00,true
Renovable,Eólica,false,0.1507353810666152,48732.216,2025-01-18T01:00:00.000+01:00,true
Renovable,Eólica,false,0.2860184849374235,96127.386,2025-01-19T01:00:00.000+01:00,true
Renovable,Eólica,false,0.3923266122011629,117232.72,2025-01-20T01:00:00.000+01:00,true
Renovable,Eólica,false,0.5346072181695718,197387.946,2025-01-21T01:00:00.000+01:00,true
Renovable,Eólica,false,0.5964540960807327,260795.367,2025-01-22T01:00:00.000+01:00,true
Renovable,Eólica,false,0.41683902079866425,152603.723,2025-01-23T01:00:00.000+01:00,true
Renovable,Eólica,false,0.5560678617422532,233309.301,2025-01-24T01:00:00.000+01:00,true
Renovable,Eólica,false,0.6578496570703852,300391.395,2025-01-25T01:00:00.000+01:00,true
Renovable,Eólica,false,0.6951898377694623,313897.976,2025-01-26T01:00:00.000+01:00,true
Renovable,Eólica,false,0.7306401024618656,397484.368,2025-01-27T01:00:00.000+01:00,true
Renovable,Eólica,false,0.655659781056965,374970.446,2025-01-28T01:00:00.000+01:00,true
Renovable,Eólica,false,0.6633637846672333,346701.135,2025-01-29T01:00:00.000+01:00,true
Renovable,Eólica,false,0.5811188231618236,323806.76,2025-01-30T01:00:00.000+01:00,true
Renovable,Eólica,false,0.41445029570503156,211938.454,2025-01-31T01:00:00.000+01:00,true
Renovable,Solar fotovoltaica,false,0.30437259762869306,76025.642,2025-01-01T01:00:00.000+01:00,true
Renovable,Solar fotovoltaica,false,0.26658250196186584,90444.841,2025-01-02T01:00:00.000+01:00,true
Renovable,Solar fotovoltaica,false,0.16891569571535622,75272.939,2025-01-03T01:00:00.000+01:00,true
Renovable,Solar fotovoltaica,false,0.17477945975805734,70074.904,2025-01-04T01:00:00.000+01:00,true
Renovable,Solar fotovoltaica,false,0.0954941013962654,40541.653,2025-01-05T01:00:00.000+01:00,true
Renovable,Solar fotovoltaica,false,0.14295855483919817,59844.185,2025-01-06T01:00:00.000+01:00,true
Renovable,Solar fotovoltaica,false,0.15446038637857712,74367.733,2025-01-07T01:00:00.000+01:00,true
Renovable,Solar fotovoltaica,false,0.11765356655391443,59547.065,2025-01-08T01:00:00.000+01:00,true
Renovable,Solar fotovoltaica,false,0.13064739497025069,70937.32,2025-01-09T01:00:00.000+01:00,true
Renovable,Solar fotovoltaica,false,0.13039790411232846,64123.321,2025-01-10T01:00:00.000+01:00,true
Renovable,Solar fotovoltaica,false,0.12475768477874907,60266.649,2025-01-11T01:00:00.000+01:00,true
Renovable,Solar fotovoltaica,false,0.19196575465353055,88370.464,2025-01-12T01:00:00.000+01:00,true
Renovable,Solar fotovoltaica,false,0.2361318642077549,109187.106,2025-01-13T01:00:00.000+01:00,true
Renovable,Solar fotovoltaica,false,0.2981138862022905,112652.432,2025-01-14T01:00:00.000+01:00,true
Renovable,Solar fotovoltaica,false,0.25686338769527556,112789.601,2025-01-15T01:00:00.000+01:00,true
Renovable,Solar fotovoltaica,false,0.22425803368396047,102641.872,2025-01-16T01:00:00.000+01:00,true
Renovable,Solar fotovoltaica,false,0.2612585268349988,98221.143,2025-01-17T01:00:00.000+01:00,true
Renovable,Solar fotovoltaica,false,0.3452732545489687,111625.623,2025-01-18T01:00:00.000+01:00,true
Renovable,Solar fotovoltaica,false,0.2844040477384586,95584.793,2025-01-19T01:00:00.000+01:00,true
Renovable,Solar fotovoltaica,false,0.09716780391055922,29035.109,2025-01-20T01:00:00.000+01:00,true
Renovable,Solar fotovoltaica,false,0.09370766173296723,34598.79,2025-01-21T01:00:00.000+01:00,true
Renovable,Solar fotovoltaica,false,0.11008325368635248,48133.13,2025-01-22T01:00:00.000+01:00,true
Renovable,Solar fotovoltaica,false,0.1909837329973128,69918.667,2025-01-23T01:00:00.000+01:00,true
Renovable,Solar fotovoltaica,false,0.1526308200874355,64039.288,2025-01-24T01:00:00.000+01:00,true
Renovable,Solar fotovoltaica,false,0.11243431933623417,51340.457,2025-01-25T01:00:00.000+01:00,true
Renovable,Solar fotovoltaica,false,0.09736447381618916,43962.828,2025-01-26T01:00:00.000+01:00,true
Renovable,Solar fotovoltaica,false,0.0936689287885869,50957.968,2025-01-27T01:00:00.000+01:00,true
Renovable,Solar fotovoltaica,false,0.1336430754559296,76430.193,2025-01-28T01:00:00.000+01:00,true
Renovable,Solar fotovoltaica,false,0.07360165089218454,38467.243,2025-01-29T01:00:00.000+01:00,true
Renovable,Solar fotovoltaica,false,0.1649635051089319,91919.752,2025-01-30T01:00:00.000+01:00,true
Renovable,Solar fotovoltaica,false,0.2364290414969342,120903.293,2025-01-31T01:00:00.000+01:00,true
Renovable,Solar térmica,false,0.01824573903580892,4557.388,2025-01-01T01:00:00.000+01:00,true
Renovable,Solar térmica,false,0.015620792363462659,5299.748,2025-01-02T01:00:00.000+01:00,true
Renovable,Solar térmica,false,0.005877482417913554,2619.149,2025-01-03T01:00:00.000+01:00,true
Renovable,Solar térmica,false,0.00572256545291471,2294.367,2025-01-04T01:00:00.000+01:00,true
Renovable,Solar térmica,false,9.688110490904488E-4,411.305,2025-01-05T01:00:00.000+01:00,true
Renovable,Solar térmica,false,0.00308005408988042,1289.348,2025-01-06T01:00:00.000+01:00,true
Renovable,Solar térmica,false,0.005767457051216102,2776.846,2025-01-07T01:00:00.000+01:00,true
Renovable,Solar térmica,false,0.0017081828182567882,864.549,2025-01-08T01:00:00.000+01:00,true
Renovable,Solar térmica,false,0.0027815207155569214,1510.276,2025-01-09T01:00:00.000+01:00,true
Renovable,Solar térmica,false,0.0037885339988509596,1863.016,2025-01-10T01:00:00.000+01:00,true
Renovable,Solar térmica,false,0.002748583039166116,1327.757,2025-01-11T01:00:00.000+01:00,true
Renovable,Solar térmica,false,0.008218426364763722,3783.311,2025-01-12T01:00:00.000+01:00,true
Renovable,Solar térmica,false,0.013918903109764336,6436.085,2025-01-13T01:00:00.000+01:00,true
Renovable,Solar térmica,false,0.01986631448793211,7507.16,2025-01-14T01:00:00.000+01:00,true
Renovable,Solar térmica,false,0.015269649836847672,6704.956,2025-01-15T01:00:00.000+01:00,true
Renovable,Solar térmica,false,0.014944526196654625,6840.041,2025-01-16T01:00:00.000+01:00,true
Renovable,Solar térmica,false,0.016654188760259647,6261.206,2025-01-17T01:00:00.000+01:00,true
Renovable,Solar térmica,false,0.02061701781794299,6665.409,2025-01-18T01:00:00.000+01:00,true
Renovable,Solar térmica,false,0.009912498546995214,3331.472,2025-01-19T01:00:00.000+01:00,true
Renovable,Solar térmica,false,0.0023471918531445695,701.374,2025-01-20T01:00:00.000+01:00,true
Renovable,Solar térmica,false,0.002351654344612602,868.279,2025-01-21T01:00:00.000+01:00,true
Renovable,Solar térmica,false,0.0013301482820143886,581.598,2025-01-22T01:00:00.000+01:00,true
Renovable,Solar térmica,false,0.003076541093770214,1126.314,2025-01-23T01:00:00.000+01:00,true
Renovable,Solar térmica,false,0.003729841541158458,1564.929,2025-01-24T01:00:00.000+01:00,true
Renovable,Solar térmica,false,0.002055891627543438,938.774,2025-01-25T01:00:00.000+01:00,true
Renovable,Solar térmica,false,0.002557444721697812,1154.759,2025-01-26T01:00:00.000+01:00,true
Renovable,Solar térmica,false,9.794951218774644E-4,532.867,2025-01-27T01:00:00.000+01:00,true
Renovable,Solar térmica,false,0.003062635878823341,1751.515,2025-01-28T01:00:00.000+01:00,true
Renovable,Solar térmica,false,0.0017887152699366591,934.856,2025-01-29T01:00:00.000+01:00,true
Renovable,Solar térmica,false,0.011485232771572516,6399.717,2025-01-30T01:00:00.000+01:00,true
Renovable,Solar térmica,false,0.017371994486961268,8883.559,2025-01-31T01:00:00.000+01:00,true
Renovable,Otras renovables,false,0.03814627415374843,9528.108,2025-01-01T01:00:00.000+01:00,true
Renovable,Otras renovables,false,0.02838936357969069,9631.808,2025-01-02T01:00:00.000+01:00,true
Renovable,Otras renovables,false,0.022632087062433144,10085.408,2025-01-03T01:00:00.000+01:00,true
Renovable,Otras renovables,false,0.026408051508000116,10587.867,2025-01-04T01:00:00.000+01:00,true
Renovable,Otras renovables,false,0.02281122093042469,9684.416,2025-01-05T01:00:00.000+01:00,true
Renovable,Otras renovables,false,0.02320772697916739,9715.036,2025-01-06T01:00:00.000+01:00,true
Renovable,Otras renovables,false,0.020894298357914953,10059.936,2025-01-07T01:00:00.000+01:00,true
Renovable,Otras renovables,false,0.020651018615161873,10451.936,2025-01-08T01:00:00.000+01:00,true
Renovable,Otras renovables,false,0.019629308212262945,10658.081,2025-01-09T01:00:00.000+01:00,true
Renovable,Otras renovables,false,0.022436656647012342,11033.252,2025-01-10T01:00:00.000+01:00,true
Renovable,Otras renovables,false,0.022119053382931235,10685.043,2025-01-11T01:00:00.000+01:00,true
Renovable,Otras renovables,false,0.022491336556254234,10353.773,2025-01-12T01:00:00.000+01:00,true
Renovable,Otras renovables,false,0.025492045703875157,11787.493,2025-01-13T01:00:00.000+01:00,true
Renovable,Otras renovables,false,0.03177164635866447,12005.993,2025-01-14T01:00:00.000+01:00,true
Renovable,Otras renovables,false,0.0289485720398169,12711.418,2025-01-15T01:00:00.000+01:00,true
Renovable,Otras renovables,false,0.02682660523180649,12278.414,2025-01-16T01:00:00.000+01:00,true
Renovable,Otras renovables,false,0.0346521648787472,13027.614,2025-01-17T01:00:00.000+01:00,true
Renovable,Otras renovables,false,0.04151056201152536,13420.218,2025-01-18T01:00:00.000+01:00,true
Renovable,Otras renovables,false,0.038642014192121495,12987.118,2025-01-19T01:00:00.000+01:00,true
Renovable,Otras renovables,false,0.041788651794202034,12487.038,2025-01-20T01:00:00.000+01:00,true
Renovable,Otras renovables,false,0.03231006377779623,11929.538,2025-01-21T01:00:00.000+01:00,true
Renovable,Otras renovables,false,0.02937139430032383,12842.436,2025-01-22T01:00:00.000+01:00,true
Renovable,Otras renovables,false,0.03534207427076686,12938.645,2025-01-23T01:00:00.000+01:00,true
Renovable,Otras renovables,false,0.028656414253422198,12023.367,2025-01-24T01:00:00.000+01:00,true
Renovable,Otras renovables,false,0.025086345843105123,11455.083,2025-01-25T01:00:00.000+01:00,true
Renovable,Otras renovables,false,0.023784918703790146,10739.567,2025-01-26T01:00:00.000+01:00,true
Renovable,Otras renovables,false,0.017937513704750975,9758.404,2025-01-27T01:00:00.000+01:00,true
Renovable,Otras renovables,false,0.01621528448685956,9273.487,2025-01-28T01:00:00.000+01:00,true
Renovable,Otras renovables,false,0.020159632126857393,10536.251,2025-01-29T01:00:00.000+01:00,true
Renovable,Otras renovables,false,0.020687204390124298,11527.172,2025-01-30T01:00:00.000+01:00,true
Renovable,Otras renovables,false,0.024343260055467827,12448.472,2025-01-31T01:00:00.000+01:00,true
Renovable,Residuos renovables,false,0.01124017192084267,2807.55,2025-01-01T01:00:00.000+01:00,true
Renovable,Residuos renovables,false,0.008263644707224209,2803.65,2025-01-02T01:00:00.000+01:00,true
Renovable,Residuos renovables,false,0.006238551146162581,2780.05,2025-01-03T01:00:00.000+01:00,true
Renovable,Residuos renovables,false,0.006950657534696963,2786.75,2025-01-04T01:00:00.000+01:00,true
Renovable,Residuos renovables,false,0.004090956905606038,1736.8,2025-01-05T01:00:00.000+01:00,true
Renovable,Residuos renovables,false,0.0037592078465552535,1573.65,2025-01-06T01:00:00.000+01:00,true
Renovable,Residuos renovables,false,0.00322233254638868,1551.45,2025-01-07T01:00:00.000+01:00,true
Renovable,Residuos renovables,false,0.004234650465420539,2143.25,2025-01-08T01:00:00.000+01:00,true
Renovable,Residuos renovables,false,0.004599076231664256,2497.15,2025-01-09T01:00:00.000+01:00,true
Renovable,Residuos renovables,false,0.005285193397702244,2599.0,2025-01-10T01:00:00.000+01:00,true
Renovable,Residuos renovables,false,0.0053563706414971445,2587.5,2025-01-11T01:00:00.000+01:00,true
Renovable,Residuos renovables,false,0.00556354544580517,2561.15,2025-01-12T01:00:00.000+01:00,true
Renovable,Residuos renovables,false,0.005650100373840666,2612.6,2025-01-13T01:00:00.000+01:00,true
Renovable,Residuos renovables,false,0.006808440730522827,2572.8,2025-01-14T01:00:00.000+01:00,true
Renovable,Residuos renovables,false,0.006108355489938013,2682.2,2025-01-15T01:00:00.000+01:00,true
Renovable,Residuos renovables,false,0.005528895333660187,2530.55,2025-01-16T01:00:00.000+01:00,true
Renovable,Residuos renovables,false,0.006734337618539524,2531.8,2025-01-17T01:00:00.000+01:00,true
Renovable,Residuos renovables,false,0.00782068554996206,2528.4,2025-01-18T01:00:00.000+01:00,true
Renovable,Residuos renovables,false,0.007352686975729414,2471.15,2025-01-19T01:00:00.000+01:00,true
Renovable,Residuos renovables,false,0.007725371960454167,2308.45,2025-01-20T01:00:00.000+01:00,true
Renovable,Residuos renovables,false,0.006321019501996617,2333.85,2025-01-21T01:00:00.000+01:00,true
Renovable,Residuos renovables,false,0.004876121727840842,2132.05,2025-01-22T01:00:00.000+01:00,true
Renovable,Residuos renovables,false,0.00584038406664996,2138.15,2025-01-23T01:00:00.000+01:00,true
Renovable,Residuos renovables,false,0.004007080251610557,1681.25,2025-01-24T01:00:00.000+01:00,true
Renovable,Residuos renovables,false,0.002926682642519979,1336.4,2025-01-25T01:00:00.000+01:00,true
Renovable,Residuos renovables,false,0.003675294598836224,1659.5,2025-01-26T01:00:00.000+01:00,true
Renovable,Residuos renovables,false,0.003021752202433936,1643.9,2025-01-27T01:00:00.000+01:00,true
Renovable,Residuos renovables,false,0.002830487794192618,1618.75,2025-01-28T01:00:00.000+01:00,true
Renovable,Residuos renovables,false,0.003121549765031366,1631.45,2025-01-29T01:00:00.000+01:00,true
Renovable,Residuos renovables,false,0.0025736134982333697,1434.05,2025-01-30T01:00:00.000+01:00,true
Renovable,Residuos renovables,false,0.004252575776338101,2174.65,2025-01-31T01:00:00.000+01:00,true
Renovable,Generación renovable,true,1.0,249778.208,2025-01-01T01:00:00.000+01:00,true
Renovable,Generación renovable,true,1.0,339275.23500000004,2025-01-02T01:00:00.000+01:00,true
Renovable,Generación renovable,true,1.0,445624.30199999997,2025-01-03T01:00:00.000+01:00,true
Renovable,Generación renovable,true,1.0,400933.291,2025-01-04T01:00:00.000+01:00,true
Renovable,Generación renovable,true,1.0,424546.14900000003,2025-01-05T01:00:00.000+01:00,true
Renovable,Generación renovable,true,1.0,418612.129,2025-01-06T01:00:00.000+01:00,true
Renovable,Generación renovable,true,1.0,481467.998,2025-01-07T01:00:00.000+01:00,true
Renovable,Generación renovable,true,1.0,506122.056,2025-01-08T01:00:00.000+01:00,true
Renovable,Generación renovable,true,1.0,542967.7339999999,2025-01-09T01:00:00.000+01:00,true
Renovable,Generación renovable,true,1.0,491751.163,2025-01-10T01:00:00.000+01:00,true
Renovable,Generación renovable,true,1.0,483069.633,2025-01-11T01:00:00.000+01:00,true
Renovable,Generación renovable,true,1.0,460344.94100000005,2025-01-12T01:00:00.000+01:00,true
Renovable,Generación renovable,true,1.0,462398.86500000005,2025-01-13T01:00:00.000+01:00,true
Renovable,Generación renovable,true,1.0,377883.88,2025-01-14T01:00:00.000+01:00,true
Renovable,Generación renovable,true,1.0,439103.4550000001,2025-01-15T01:00:00.000+01:00,true
Renovable,Generación renovable,true,1.0,457695.407,2025-01-16T01:00:00.000+01:00,true
Renovable,Generación renovable,true,1.0,375953.827,2025-01-17T01:00:00.000+01:00,true
Renovable,Generación renovable,true,1.0,323296.466,2025-01-18T01:00:00.000+01:00,true
Renovable,Generación renovable,true,1.0,336088.01900000003,2025-01-19T01:00:00.000+01:00,true
Renovable,Generación renovable,true,1.0,298814.091,2025-01-20T01:00:00.000+01:00,true
Renovable,Generación renovable,true,1.0,369220.5029999999,2025-01-21T01:00:00.000+01:00,true
Renovable,Generación renovable,true,1.0,437242.98099999997,2025-01-22T01:00:00.000+01:00,true
Renovable,Generación renovable,true,1.0,366097.49900000007,2025-01-23T01:00:00.000+01:00,true
Renovable,Generación renovable,true,1.0,419569.835,2025-01-24T01:00:00.000+01:00,true
Renovable,Generación renovable,true,1.0,456626.209,2025-01-25T01:00:00.000+01:00,true
Renovable,Generación renovable,true,1.0,451528.43,2025-01-26T01:00:00.000+01:00,true
Renovable,Generación renovable,true,1.0,544022.107,2025-01-27T01:00:00.000+01:00,true
Renovable,Generación renovable,true,1.0,571897.891,2025-01-28T01:00:00.000+01:00,true
Renovable,Generación renovable,true,1.0,522641.03500000003,2025-01-29T01:00:00.000+01:00,true
Renovable,Generación renovable,true,1.0,557212.6510000001,2025-01-30T01:00:00.000+01:00,true
Renovable,Generación renovable,true,1.0,511372.4280000001,2025-01-31T01:00:00.000+01:00,true
No-Renovable,Nuclear,false,0.4742146346371877,170140.2,2025-01-01T01:00:00.000+01:00,true
No-Renovable,Nuclear,false,0.4447527192002201,170150.0,2025-01-02T01:00:00.000+01:00,true
No-Renovable,Nuclear,false,0.5189885729807404,169849.0,2025-01-03T01:00:00.000+01:00,true
No-Renovable,Nuclear,false,0.5319515824641226,169892.8,2025-01-04T01:00:00.000+01:00,true
No-Renovable,Nuclear,false,0.6054330103979481,169869.0,2025-01-05T01:00:00.000+01:00,true
No-Renovable,Nuclear,false,0.608293599439342,169787.3,2025-01-06T01:00:00.000+01:00,true
No-Renovable,Nuclear,false,0.5449779992835897,169873.4,2025-01-07T01:00:00.000+01:00,true
No-Renovable,Nuclear,false,0.5391198488936784,169905.2,2025-01-08T01:00:00.000+01:00,true
No-Renovable,Nuclear,false,0.4979692732058673,146783.5,2025-01-09T01:00:00.000+01:00,true
No-Renovable,Nuclear,false,0.48837683586738784,154706.0,2025-01-10T01:00:00.000+01:00,true
No-Renovable,Nuclear,false,0.5646929283446569,168550.8,2025-01-11T01:00:00.000+01:00,true
No-Renovable,Nuclear,false,0.5541318263404746,169882.4,2025-01-12T01:00:00.000+01:00,true
No-Renovable,Nuclear,false,0.46845073006695387,169859.8,2025-01-13T01:00:00.000+01:00,true
No-Renovable,Nuclear,false,0.37800046076223975,169882.8,2025-01-14T01:00:00.000+01:00,true
No-Renovable,Nuclear,false,0.3853012854550077,169825.2,2025-01-15T01:00:00.000+01:00,true
No-Renovable,Nuclear,false,0.3928420185116109,169883.0,2025-01-16T01:00:00.000+01:00,true
No-Renovable,Nuclear,false,0.3780160463717374,169914.3,2025-01-17T01:00:00.000+01:00,true
No-Renovable,Nuclear,false,0.41309804840221426,169936.0,2025-01-18T01:00:00.000+01:00,true
No-Renovable,Nuclear,false,0.44970929742302745,170286.4,2025-01-19T01:00:00.000+01:00,true
No-Renovable,Nuclear,false,0.3252802827293304,170286.8,2025-01-20T01:00:00.000+01:00,true
No-Renovable,Nuclear,false,0.3663307933520999,170305.8,2025-01-21T01:00:00.000+01:00,true
No-Renovable,Nuclear,false,0.44412499823369367,170258.2,2025-01-22T01:00:00.000+01:00,true
No-Renovable,Nuclear,false,0.4319123276919528,170230.4,2025-01-23T01:00:00.000+01:00,true
No-Renovable,Nuclear,false,0.5572060286350383,170220.6,2025-01-24T01:00:00.000+01:00,true
No-Renovable,Nuclear,false,0.6210540160044735,170425.7,2025-01-25T01:00:00.000+01:00,true
No-Renovable,Nuclear,false,0.6300628968080211,163153.2,2025-01-26T01:00:00.000+01:00,true
No-Renovable,Nuclear,false,0.6255011710187323,160862.6,2025-01-27T01:00:00.000+01:00,true
No-Renovable,Nuclear,false,0.6470197127081743,160745.8,2025-01-28T01:00:00.000+01:00,true
No-Renovable,Nuclear,false,0.5800199310711017,167012.9,2025-01-29T01:00:00.000+01:00,true
No-Renovable,Nuclear,false,0.5997864558755043,170234.5,2025-01-30T01:00:00.000+01:00,true
No-Renovable,Nuclear,false,0.5247812590334874,170008.8,2025-01-31T01:00:00.000+01:00,true
No-Renovable,Ciclo combinado,false,0.3704233627699757,132901.645,2025-01-01T01:00:00.000+01:00,false
No-Renovable,Ciclo combinado,false,0.3651499365187702,139696.193,2025-01-02T01:00:00.000+01:00,false
No-Renovable,Ciclo combinado,false,0.25746790605880576,84261.328,2025-01-03T01:00:00.000+01:00,false
No-Renovable,Ciclo combinado,false,0.2555771999897237,81625.335,2025-01-04T01:00:00.000+01:00,false
No-Renovable,Ciclo combinado,false,0.20787630392244558,58324.768,2025-01-05T01:00:00.000+01:00,false
No-Renovable,Ciclo combinado,false,0.22139054480965262,61794.671,2025-01-06T01:00:00.000+01:00,false
No-Renovable,Ciclo combinado,false,0.23510206599696806,73282.935,2025-01-07T01:00:00.000+01:00,false
No-Renovable,Ciclo combinado,false,0.22333536927611616,70384.796,2025-01-08T01:00:00.000+01:00,false
No-Renovable,Ciclo combinado,false,0.24966408145988675,73592.026,2025-01-09T01:00:00.000+01:00,false
No-Renovable,Ciclo combinado,false,0.26471860818088305,83856.469,2025-01-10T01:00:00.000+01:00,false
No-Renovable,Ciclo combinado,false,0.20315369737498135,60637.767,2025-01-11T01:00:00.000+01:00,false
No-Renovable,Ciclo combinado,false,0.23906302081128009,73290.502,2025-01-12T01:00:00.000+01:00,false
No-Renovable,Ciclo combinado,false,0.30486928549006326,110545.32,2025-01-13T01:00:00.000+01:00,false
No-Renovable,Ciclo combinado,false,0.42285856116513937,190043.145,2025-01-14T01:00:00.000+01:00,false
No-Renovable,Ciclo combinado,false,0.405640200672251,178789.77,2025-01-15T01:00:00.000+01:00,false
No-Renovable,Ciclo combinado,false,0.40812088668538654,176490.287,2025-01-16T01:00:00.000+01:00,false
No-Renovable,Ciclo combinado,false,0.4449319699462089,199992.315,2025-01-17T01:00:00.000+01:00,false
No-Renovable,Ciclo combinado,false,0.40338788628818906,165941.534,2025-01-18T01:00:00.000+01:00,false
No-Renovable,Ciclo combinado,false,0.3527605157865085,133575.887,2025-01-19T01:00:00.000+01:00,false
No-Renovable,Ciclo combinado,false,0.5107058277918236,267358.539,2025-01-20T01:00:00.000+01:00,false
No-Renovable,Ciclo combinado,false,0.4442985712658531,206552.725,2025-01-21T01:00:00.000+01:00,false
No-Renovable,Ciclo combinado,false,0.329180307679623,126193.407,2025-01-22T01:00:00.000+01:00,false
No-Renovable,Ciclo combinado,false,0.34827120881244,137264.772,2025-01-23T01:00:00.000+01:00,false
No-Renovable,Ciclo combinado,false,0.18613510127791097,56862.322,2025-01-24T01:00:00.000+01:00,false
No-Renovable,Ciclo combinado,false,0.19218874792784998,52739.216,2025-01-25T01:00:00.000+01:00,false
No-Renovable,Ciclo combinado,false,0.18934503942905703,49030.421,2025-01-26T01:00:00.000+01:00,false
No-Renovable,Ciclo combinado,false,0.18861871536680083,48507.818,2025-01-27T01:00:00.000+01:00,false
No-Renovable,Ciclo combinado,false,0.1698690813276285,42202.333,2025-01-28T01:00:00.000+01:00,false
No-Renovable,Ciclo combinado,false,0.23854637589325245,68687.85,2025-01-29T01:00:00.000+01:00,false
No-Renovable,Ciclo combinado,false,0.21434373289682235,60836.149,2025-01-30T01:00:00.000+01:00,false
No-Renovable,Ciclo combinado,false,0.2731888958181124,88502.62,2025-01-31T01:00:00.000+01:00,false
No-Renovable,Carbón,false,0.018366528053953224,6589.6,2025-01-01T01:00:00.000+01:00,false
No-Renovable,Carbón,false,0.026417239827193795,10106.5,2025-01-02T01:00:00.000+01:00,false
No-Renovable,Carbón,false,0.024074367048382134,7878.8,2025-01-03T01:00:00.000+01:00,false
No-Renovable,Carbón,false,0.019904411544953215,6357.0,2025-01-04T01:00:00.000+01:00,false
No-Renovable,Carbón,false,0.02220444963341879,6230.0,2025-01-05T01:00:00.000+01:00,false
No-Renovable,Carbón,false,0.02084045077540342,5817.0,2025-01-06T01:00:00.000+01:00,false
No-Renovable,Carbón,false,0.02362828708039968,7365.1,2025-01-07T01:00:00.000+01:00,false
No-Renovable,Carbón,false,0.023393404592494185,7372.5,2025-01-08T01:00:00.000+01:00,false
No-Renovable,Carbón,false,0.02653171846994932,7820.6,2025-01-09T01:00:00.000+01:00,false
No-Renovable,Carbón,false,0.024316876958143115,7703.0,2025-01-10T01:00:00.000+01:00,false
No-Renovable,Carbón,false,0.020872264881491,6230.0,2025-01-11T01:00:00.000+01:00,false
No-Renovable,Carbón,false,0.020234920066487964,6203.5,2025-01-12T01:00:00.000+01:00,false
No-Renovable,Carbón,false,0.03628939237880895,13158.5,2025-01-13T01:00:00.000+01:00,false
No-Renovable,Carbón,false,0.041627871804658496,18708.6,2025-01-14T01:00:00.000+01:00,false
No-Renovable,Carbón,false,0.04480584133530691,19748.6,2025-01-15T01:00:00.000+01:00,false
No-Renovable,Carbón,false,0.02785179451599775,12044.4,2025-01-16T01:00:00.000+01:00,false
No-Renovable,Carbón,false,0.015964995002587922,7176.1,2025-01-17T01:00:00.000+01:00,false
No-Renovable,Carbón,false,0.019110306219454188,7861.4,2025-01-18T01:00:00.000+01:00,false
No-Renovable,Carbón,false,0.021532311362556917,8153.4,2025-01-19T01:00:00.000+01:00,false
No-Renovable,Carbón,false,0.030040807005423133,15726.6,2025-01-20T01:00:00.000+01:00,false
No-Renovable,Carbón,false,0.032749029661387846,15224.9,2025-01-21T01:00:00.000+01:00,false
No-Renovable,Carbón,false,0.03390238687207927,12996.7,2025-01-22T01:00:00.000+01:00,false
No-Renovable,Carbón,false,0.03371435313045085,13287.9,2025-01-23T01:00:00.000+01:00,false
No-Renovable,Carbón,false,0.03393340673596144,10366.3,2025-01-24T01:00:00.000+01:00,false
No-Renovable,Carbón,false,0.0247837524671832,6801.0,2025-01-25T01:00:00.000+01:00,false
No-Renovable,Carbón,false,0.0239044611521052,6190.0,2025-01-26T01:00:00.000+01:00,false
No-Renovable,Carbón,false,0.02592408867680796,6667.0,2025-01-27T01:00:00.000+01:00,false
No-Renovable,Carbón,false,0.028517510022446273,7084.9,2025-01-28T01:00:00.000+01:00,false
No-Renovable,Carbón,false,0.02891617084957407,8326.22,2025-01-29T01:00:00.000+01:00,false
No-Renovable,Carbón,false,0.0320870048803492,9107.1,2025-01-30T01:00:00.000+01:00,false
No-Renovable,Carbón,false,0.028289925427627673,9164.84,2025-01-31T01:00:00.000+01:00,false
No-Renovable,Motores diésel,false,0.01775773127467788,6371.174,2025-01-01T01:00:00.000+01:00,false
No-Renovable,Motores diésel,false,0.01940344108851355,7423.216,2025-01-02T01:00:00.000+01:00,false
No-Renovable,Motores diésel,false,0.02250427146763267,7364.956,2025-01-03T01:00:00.000+01:00,false
No-Renovable,Motores diésel,false,0.02119691141270332,6769.794,2025-01-04T01:00:00.000+01:00,false
No-Renovable,Motores diésel,false,0.02433996525000068,6829.171,2025-01-05T01:00:00.000+01:00,false
No-Renovable,Motores diésel,false,0.023372850367691548,6523.845,2025-01-06T01:00:00.000+01:00,false
No-Renovable,Motores diésel,false,0.022937105706307845,7149.654,2025-01-07T01:00:00.000+01:00,false
No-Renovable,Motores diésel,false,0.02326180816405546,7331.027,2025-01-08T01:00:00.000+01:00,false
No-Renovable,Motores diésel,false,0.02260285223063966,6662.511,2025-01-09T01:00:00.000+01:00,false
No-Renovable,Motores diésel,false,0.020491547784402625,6491.228,2025-01-10T01:00:00.000+01:00,false
No-Renovable,Motores diésel,false,0.021286788732094067,6353.728,2025-01-11T01:00:00.000+01:00,false
No-Renovable,Motores diésel,false,0.019379433246815552,5941.23,2025-01-12T01:00:00.000+01:00,false
No-Renovable,Motores diésel,false,0.017082746422472917,6194.188,2025-01-13T01:00:00.000+01:00,false
No-Renovable,Motores diésel,false,0.014712904759745496,6612.345,2025-01-14T01:00:00.000+01:00,false
No-Renovable,Motores diésel,false,0.014689378387639729,6474.483,2025-01-15T01:00:00.000+01:00,false
No-Renovable,Motores diésel,false,0.015738109218202387,6805.884,2025-01-16T01:00:00.000+01:00,false
No-Renovable,Motores diésel,false,0.016374942151337505,7360.367,2025-01-17T01:00:00.000+01:00,false
No-Renovable,Motores diésel,false,0.017319488646477716,7124.712,2025-01-18T01:00:00.000+01:00,false
No-Renovable,Motores diésel,false,0.01905449252976369,7215.152,2025-01-19T01:00:00.000+01:00,false
No-Renovable,Motores diésel,false,0.01408267172552945,7372.39,2025-01-20T01:00:00.000+01:00,false
No-Renovable,Motores diésel,false,0.014367303401825703,6679.305,2025-01-21T01:00:00.000+01:00,false
No-Renovable,Motores diésel,false,0.020050796635921818,7686.603,2025-01-22T01:00:00.000+01:00,false
No-Renovable,Motores diésel,false,0.017428952244581283,6869.305,2025-01-23T01:00:00.000+01:00,false
No-Renovable,Motores diésel,false,0.02219750808076831,6781.106,2025-01-24T01:00:00.000+01:00,false
No-Renovable,Motores diésel,false,0.02552191909723908,7003.563,2025-01-25T01:00:00.000+01:00,false
No-Renovable,Motores diésel,false,0.02606634354554698,6749.814,2025-01-26T01:00:00.000+01:00,false
No-Renovable,Motores diésel,false,0.027034807753207064,6952.648,2025-01-27T01:00:00.000+01:00,false
No-Renovable,Motores diésel,false,0.025742759396597842,6395.54,2025-01-28T01:00:00.000+01:00,false
No-Renovable,Motores diésel,false,0.020831091790229413,5998.175,2025-01-29T01:00:00.000+01:00,false
No-Renovable,Motores diésel,false,0.01934027827030513,5489.258,2025-01-30T01:00:00.000+01:00,false
No-Renovable,Motores diésel,false,0.017349756358525634,5620.649,2025-01-31T01:00:00.000+01:00,false
No-Renovable,Turbina de gas,false,0.001732355810163604,621.54,2025-01-01T01:00:00.000+01:00,false
No-Renovable,Turbina de gas,false,0.0032280944367039,1234.979,2025-01-02T01:00:00.000+01:00,false
No-Renovable,Turbina de gas,false,0.005530510462137891,1809.966,2025-01-03T01:00:00.000+01:00,false
No-Renovable,Turbina de gas,false,0.00413672035634063,1321.171,2025-01-04T01:00:00.000+01:00,false
No-Renovable,Turbina de gas,false,0.003851531084479505,1080.641,2025-01-05T01:00:00.000+01:00,false
No-Renovable,Turbina de gas,false,0.0038691549011269474,1079.961,2025-01-06T01:00:00.000+01:00,false
No-Renovable,Turbina de gas,false,0.00778518229441155,2426.695,2025-01-07T01:00:00.000+01:00,false
No-Renovable,Turbina de gas,false,0.008244708370631362,2598.344,2025-01-08T01:00:00.000+01:00,false
No-Renovable,Turbina de gas,false,0.008366532443999104,2466.154,2025-01-09T01:00:00.000+01:00,false
No-Renovable,Turbina de gas,false,0.006683984357445199,2117.325,2025-01-10T01:00:00.000+01:00,false
No-Renovable,Turbina de gas,false,0.004238289274059344,1265.054,2025-01-11T01:00:00.000+01:00,false
No-Renovable,Turbina de gas,false,0.0024188582396364546,741.559,2025-01-12T01:00:00.000+01:00,false
No-Renovable,Turbina de gas,false,0.0035575766724521563,1289.974,2025-01-13T01:00:00.000+01:00,false
No-Renovable,Turbina de gas,false,0.0033816287714878894,1519.788,2025-01-14T01:00:00.000+01:00,false
No-Renovable,Turbina de gas,false,0.0036344809769781597,1601.932,2025-01-15T01:00:00.000+01:00,false
No-Renovable,Turbina de gas,false,0.0036934059271659103,1597.199,2025-01-16T01:00:00.000+01:00,false
No-Renovable,Turbina de gas,false,0.004162890078031585,1871.176,2025-01-17T01:00:00.000+01:00,false
No-Renovable,Turbina de gas,false,0.002637406520783907,1084.949,2025-01-18T01:00:00.000+01:00,false
No-Renovable,Turbina de gas,false,0.0024432441743245403,925.156,2025-01-19T01:00:00.000+01:00,false
No-Renovable,Turbina de gas,false,0.0033794866827102196,1769.188,2025-01-20T01:00:00.000+01:00,false
No-Renovable,Turbina de gas,false,0.0033611566256302747,1562.589,2025-01-21T01:00:00.000+01:00,false
No-Renovable,Turbina de gas,false,0.008485665675010917,3253.035,2025-01-22T01:00:00.000+01:00,false
No-Renovable,Turbina de gas,false,0.006124909893412594,2414.022,2025-01-23T01:00:00.000+01:00,false
No-Renovable,Turbina de gas,false,0.00695954161647891,2126.067,2025-01-24T01:00:00.000+01:00,false
No-Renovable,Turbina de gas,false,0.006853766177980701,1880.767,2025-01-25T01:00:00.000+01:00,false
No-Renovable,Turbina de gas,false,0.006938488040360585,1796.704,2025-01-26T01:00:00.000+01:00,false
No-Renovable,Turbina de gas,false,0.0062605060460655775,1610.039,2025-01-27T01:00:00.000+01:00,false
No-Renovable,Turbina de gas,false,0.005258666845188397,1306.465,2025-01-28T01:00:00.000+01:00,false
No-Renovable,Turbina de gas,false,0.004206545730599726,1211.247,2025-01-29T01:00:00.000+01:00,false
No-Renovable,Turbina de gas,false,0.003714353295120938,1054.227,2025-01-30T01:00:00.000+01:00,false
No-Renovable,Turbina de gas,false,0.0034355434543557038,1112.983,2025-01-31T01:00:00.000+01:00,false
No-Renovable,Turbina de vapor,false,0.004067187031746175,1459.238,2025-01-01T01:00:00.000+01:00,false
No-Renovable,Turbina de vapor,false,0.004758587479060583,1820.503,2025-01-02T01:00:00.000+01:00,false
No-Renovable,Turbina de vapor,false,0.0062275573169648995,2038.088,2025-01-03T01:00:00.000+01:00,false
No-Renovable,Turbina de vapor,false,0.005973781378078192,1907.885,2025-01-04T01:00:00.000+01:00,false
No-Renovable,Turbina de vapor,false,0.0059263212736369655,1662.774,2025-01-05T01:00:00.000+01:00,false
No-Renovable,Turbina de vapor,false,0.007066388877107842,1972.375,2025-01-06T01:00:00.000+01:00,false
No-Renovable,Turbina de vapor,false,0.010050919791171125,3132.941,2025-01-07T01:00:00.000+01:00,false
No-Renovable,Turbina de vapor,false,0.006564092550242194,2068.693,2025-01-08T01:00:00.000+01:00,false
No-Renovable,Turbina de vapor,false,0.006243940685721942,1840.49,2025-01-09T01:00:00.000+01:00,false
No-Renovable,Turbina de vapor,false,0.006137569642455981,1944.234,2025-01-10T01:00:00.000+01:00,false
No-Renovable,Turbina de vapor,false,0.005174623096982975,1544.533,2025-01-11T01:00:00.000+01:00,false
No-Renovable,Turbina de vapor,false,0.004642664049171217,1423.32,2025-01-12T01:00:00.000+01:00,false
No-Renovable,Turbina de vapor,false,0.004203182296065004,1524.07,2025-01-13T01:00:00.000+01:00,false
No-Renovable,Turbina de vapor,false,0.0031393257474287995,1410.891,2025-01-14T01:00:00.000+01:00,false
No-Renovable,Turbina de vapor,false,0.0038815499595760273,1710.83,2025-01-15T01:00:00.000+01:00,false
No-Renovable,Turbina de vapor,false,0.008287421195699847,3583.863,2025-01-16T01:00:00.000+01:00,false
No-Renovable,Turbina de vapor,false,0.005863118329561355,2635.411,2025-01-17T01:00:00.000+01:00,false
No-Renovable,Turbina de vapor,false,0.004876820628656439,2006.176,2025-01-18T01:00:00.000+01:00,false
No-Renovable,Turbina de vapor,false,0.006619871896400843,2506.673,2025-01-19T01:00:00.000+01:00,false
No-Renovable,Turbina de vapor,false,0.004776546765701478,2500.56,2025-01-20T01:00:00.000+01:00,false
No-Renovable,Turbina de vapor,false,0.00666107377681673,3096.708,2025-01-21T01:00:00.000+01:00,false
No-Renovable,Turbina de vapor,false,0.006662607972706052,2554.154,2025-01-22T01:00:00.000+01:00,false
No-Renovable,Turbina de vapor,false,0.006770856185511062,2668.61,2025-01-23T01:00:00.000+01:00,false
No-Renovable,Turbina de vapor,false,0.008941946799902619,2731.671,2025-01-24T01:00:00.000+01:00,false
No-Renovable,Turbina de vapor,false,0.010200239637495292,2799.085,2025-01-25T01:00:00.000+01:00,false
No-Renovable,Turbina de vapor,false,0.012453807187257403,3224.882,2025-01-26T01:00:00.000+01:00,false
No-Renovable,Turbina de vapor,false,0.01456327190291237,3745.294,2025-01-27T01:00:00.000+01:00,false
No-Renovable,Turbina de vapor,false,0.011424537393169927,2838.316,2025-01-28T01:00:00.000+01:00,false
No-Renovable,Turbina de vapor,false,0.010738982744666737,3092.219,2025-01-29T01:00:00.000+01:00,false
No-Renovable,Turbina de vapor,false,0.010535421765359775,2990.218,2025-01-30T01:00:00.000+01:00,false
No-Renovable,Turbina de vapor,false,0.008996699062144665,2914.582,2025-01-31T01:00:00.000+01:00,false
No-Renovable,Cogeneración,false,0.1037868262844382,37236.96,2025-01-01T01:00:00.000+01:00,false
No-Renovable,Cogeneración,false,0.12703800091915213,48601.2,2025-01-02T01:00:00.000+01:00,false
No-Renovable,Cogeneración,false,0.15294794822885407,50055.16,2025-01-03T01:00:00.000+01:00,false
No-Renovable,Cogeneración,false,0.14835878545641604,47382.3,2025-01-04T01:00:00.000+01:00,false
No-Renovable,Cogeneración,false,0.119425866068163,33507.84,2025-01-05T01:00:00.000+01:00,false
No-Renovable,Cogeneración,false,0.1055358707579929,29457.24,2025-01-06T01:00:00.000+01:00,false
No-Renovable,Cogeneración,false,0.14656050518228028,45683.92,2025-01-07T01:00:00.000+01:00,false
No-Renovable,Cogeneración,false,0.16523159089779046,52073.22,2025-01-08T01:00:00.000+01:00,false
No-Renovable,Cogeneración,false,0.17575894595412003,51807.44,2025-01-09T01:00:00.000+01:00,false
No-Renovable,Cogeneración,false,0.17661578497221173,55947.62,2025-01-10T01:00:00.000+01:00,false
No-Renovable,Cogeneración,false,0.1664777207400982,49690.64,2025-01-11T01:00:00.000+01:00,false
No-Renovable,Cogeneración,false,0.14671701705827409,44979.62,2025-01-12T01:00:00.000+01:00,false
No-Renovable,Cogeneración,false,0.15400155243640556,55840.82,2025-01-13T01:00:00.000+01:00,false
No-Renovable,Cogeneración,false,0.1272334632302452,57181.88,2025-01-14T01:00:00.000+01:00,false
No-Renovable,Cogeneración,false,0.1326457641031647,58464.88,2025-01-15T01:00:00.000+01:00,false
No-Renovable,Cogeneración,false,0.13414300556201333,58009.62,2025-01-16T01:00:00.000+01:00,false
No-Renovable,Cogeneración,false,0.12564267080597444,56475.08,2025-01-17T01:00:00.000+01:00,false
No-Renovable,Cogeneración,false,0.13023440078714024,53574.48,2025-01-18T01:00:00.000+01:00,false
No-Renovable,Cogeneración,false,0.13807104114126076,52281.82,2025-01-19T01:00:00.000+01:00,false
No-Renovable,Cogeneración,false,0.10480410948215153,54865.78,2025-01-20T01:00:00.000+01:00,false
No-Renovable,Cogeneración,false,0.12420565685093539,57742.74,2025-01-21T01:00:00.000+01:00,false
No-Renovable,Cogeneración,false,0.1482274113794902,56823.94,2025-01-22T01:00:00.000+01:00,false
No-Renovable,Cogeneración,false,0.14643470607813544,57714.58,2025-01-23T01:00:00.000+01:00,false
No-Renovable,Cogeneración,false,0.1747529692639272,53385.2,2025-01-24T01:00:00.000+01:00,false
No-Renovable,Cogeneración,false,0.1111497911596242,30501.02,2025-01-25T01:00:00.000+01:00,false
No-Renovable,Cogeneración,false,0.10118715926029803,26202.16,2025-01-26T01:00:00.000+01:00,false
No-Renovable,Cogeneración,false,0.10204704295484622,26243.84,2025-01-27T01:00:00.000+01:00,false
No-Renovable,Cogeneración,false,0.10288401468321909,25560.54,2025-01-28T01:00:00.000+01:00,false
No-Renovable,Cogeneración,false,0.10868289415550067,31294.52,2025-01-29T01:00:00.000+01:00,false
No-Renovable,Cogeneración,false,0.11262207170891551,31964.98,2025-01-30T01:00:00.000+01:00,false
No-Renovable,Cogeneración,false,0.1346208477566627,43611.94,2025-01-31T01:00:00.000+01:00,false
No-Renovable,Residuos no renovables,false,0.009651374137857612,3462.75,2025-01-01T01:00:00.000+01:00,false
No-Renovable,Residuos no renovables,false,0.009251980530385772,3539.55,2025-01-02T01:00:00.000+01:00,false
No-Renovable,Residuos no renovables,false,0.012258866436482295,4011.95,2025-01-03T01:00:00.000+01:00,false
No-Renovable,Residuos no renovables,false,0.012900607397662259,4120.15,2025-01-04T01:00:00.000+01:00,false
No-Renovable,Residuos no renovables,false,0.010942552369907281,3070.2,2025-01-05T01:00:00.000+01:00,false
No-Renovable,Residuos no renovables,false,0.009631140071682696,2688.25,2025-01-06T01:00:00.000+01:00,false
No-Renovable,Residuos no renovables,false,0.008957934664871625,2792.25,2025-01-07T01:00:00.000+01:00,false
No-Renovable,Residuos no renovables,false,0.010849177254991725,3419.15,2025-01-08T01:00:00.000+01:00,false
No-Renovable,Residuos no renovables,false,0.012862655549815786,3791.45,2025-01-09T01:00:00.000+01:00,false
No-Renovable,Residuos no renovables,false,0.012658792237070478,4010.0,2025-01-10T01:00:00.000+01:00,false
No-Renovable,Residuos no renovables,false,0.01410368755563606,4209.7,2025-01-11T01:00:00.000+01:00,false
No-Renovable,Residuos no renovables,false,0.013412260187859843,4111.85,2025-01-12T01:00:00.000+01:00,false
No-Renovable,Residuos no renovables,false,0.011545534236778187,4186.4,2025-01-13T01:00:00.000+01:00,false
No-Renovable,Residuos no renovables,false,0.009045783759055123,4065.4,2025-01-14T01:00:00.000+01:00,false
No-Renovable,Residuos no renovables,false,0.009401499110075895,4143.8,2025-01-15T01:00:00.000+01:00,false
No-Renovable,Residuos no renovables,false,0.009323358383923277,4031.85,2025-01-16T01:00:00.000+01:00,false
No-Renovable,Residuos no renovables,false,0.009043367314560785,4064.9,2025-01-17T01:00:00.000+01:00,false
No-Renovable,Residuos no renovables,false,0.009335642507084218,3840.4,2025-01-18T01:00:00.000+01:00,false
No-Renovable,Residuos no renovables,false,0.009809225686157098,3714.35,2025-01-19T01:00:00.000+01:00,false
No-Renovable,Residuos no renovables,false,0.006930267817330218,3628.05,2025-01-20T01:00:00.000+01:00,false
No-Renovable,Residuos no renovables,false,0.008026415065451048,3731.45,2025-01-21T01:00:00.000+01:00,false
No-Renovable,Residuos no renovables,false,0.009365825551475143,3590.45,2025-01-22T01:00:00.000+01:00,false
No-Renovable,Residuos no renovables,false,0.009342685963515878,3682.25,2025-01-23T01:00:00.000+01:00,false
No-Renovable,Residuos no renovables,false,0.009873497590012222,3016.25,2025-01-24T01:00:00.000+01:00,false
No-Renovable,Residuos no renovables,false,0.008247767528154057,2263.3,2025-01-25T01:00:00.000+01:00,false
No-Renovable,Residuos no renovables,false,0.01004180457735366,2600.3,2025-01-26T01:00:00.000+01:00,false
No-Renovable,Residuos no renovables,false,0.010050396280627797,2584.7,2025-01-27T01:00:00.000+01:00,false
No-Renovable,Residuos no renovables,false,0.009283717623575662,2306.45,2025-01-28T01:00:00.000+01:00,false
No-Renovable,Residuos no renovables,false,0.008058007765075176,2320.25,2025-01-29T01:00:00.000+01:00,false
No-Renovable,Residuos no renovables,false,0.007570681307622661,2148.75,2025-01-30T01:00:00.000+01:00,false
No-Renovable,Residuos no renovables,false,0.009337073089083886,3024.85,2025-01-31T01:00:00.000+01:00,false
No-Renovable,Generación no renovable,true,1.0,358783.10699999996,2025-01-01T01:00:00.000+01:00,false
No-Renovable,Generación no renovable,true,1.0,382572.141,2025-01-02T01:00:00.000+01:00,false
No-Renovable,Generación no renovable,true,1.0,327269.24799999996,2025-01-03T01:00:00.000+01:00,false
No-Renovable,Generación no renovable,true,1.0,319376.435,2025-01-04T01:00:00.000+01:00,false
No-Renovable,Generación no renovable,true,1.0,280574.39400000003,2025-01-05T01:00:00.000+01:00,false
No-Renovable,Generación no renovable,true,1.0,279120.642,2025-01-06T01:00:00.000+01:00,false
No-Renovable,Generación no renovable,true,1.0,311706.895,2025-01-07T01:00:00.000+01:00,false
No-Renovable,Generación no renovable,true,1.0,315152.93000000005,2025-01-08T01:00:00.000+01:00,false
No-Renovable,Generación no renovable,true,1.0,294764.17100000003,2025-01-09T01:00:00.000+01:00,false
No-Renovable,Generación no renovable,true,1.0,316775.876,2025-01-10T01:00:00.000+01:00,false
No-Renovable,Generación no renovable,true,1.0,298482.222,2025-01-11T01:00:00.000+01:00,false
No-Renovable,Generación no renovable,true,1.0,306573.981,2025-01-12T01:00:00.000+01:00,false
No-Renovable,Generación no renovable,true,1.0,362599.07200000004,2025-01-13T01:00:00.000+01:00,false
No-Renovable,Generación no renovable,true,1.0,449424.84899999993,2025-01-14T01:00:00.000+01:00,false
No-Renovable,Generación no renovable,true,1.0,440759.49499999994,2025-01-15T01:00:00.000+01:00,false
No-Renovable,Generación no renovable,true,1.0,432446.10300000006,2025-01-16T01:00:00.000+01:00,false
No-Renovable,Generación no renovable,true,1.0,449489.64900000003,2025-01-17T01:00:00.000+01:00,false
No-Renovable,Generación no renovable,true,1.0,411369.651,2025-01-18T01:00:00.000+01:00,false
No-Renovable,Generación no renovable,true,1.0,378658.83800000005,2025-01-19T01:00:00.000+01:00,false
No-Renovable,Generación no renovable,true,1.0,523507.90699999995,2025-01-20T01:00:00.000+01:00,false
No-Renovable,Generación no renovable,true,1.0,464896.217,2025-01-21T01:00:00.000+01:00,false
No-Renovable,Generación no renovable,true,1.0,383356.489,2025-01-22T01:00:00.000+01:00,false
No-Renovable,Generación no renovable,true,1.0,394131.83900000004,2025-01-23T01:00:00.000+01:00,false
No-Renovable,Generación no renovable,true,1.0,305489.516,2025-01-24T01:00:00.000+01:00,false
No-Renovable,Generación no renovable,true,1.0,274413.651,2025-01-25T01:00:00.000+01:00,false
No-Renovable,Generación no renovable,true,1.0,258947.48100000003,2025-01-26T01:00:00.000+01:00,false
No-Renovable,Generación no renovable,true,1.0,257173.93899999998,2025-01-27T01:00:00.000+01:00,false
No-Renovable,Generación no renovable,true,1.0,248440.34399999998,2025-01-28T01:00:00.000+01:00,false
No-Renovable,Generación no renovable,true,1.0,287943.381,2025-01-29T01:00:00.000+01:00,false
No-Renovable,Generación no renovable,true,1.0,283825.18200000003,2025-01-30T01:00:00.000+01:00,false
No-Renovable,Generación no renovable,true,1.0,323961.26399999997,2025-01-31T01:00:00.000+01:00,false
Almacenamiento,Turbinación bombeo,false,0.17524828148343138,7589.6,2025-01-01T01:00:00.000+01:00,false
Almacenamiento,Turbinación bombeo,false,0.4771088272985401,11392.5,2025-01-02T01:00:00.000+01:00,false
Almacenamiento,Turbinación bombeo,false,0.28904682132764775,8540.9,2025-01-03T01:00:00.000+01:00,false
Almacenamiento,Turbinación bombeo,false,0.7223475752641675,14950.5,2025-01-04T01:00:00.000+01:00,false
Almacenamiento,Turbinación bombeo,false,0.09823577972647657,6806.6,2025-01-05T01:00:00.000+01:00,false
Almacenamiento,Turbinación bombeo,false,0.21577336512205386,13077.7,2025-01-06T01:00:00.000+01:00,false
Almacenamiento,Turbinación bombeo,false,0.32977026798755954,13275.1,2025-01-07T01:00:00.000+01:00,false
Almacenamiento,Turbinación bombeo,false,0.41822981925047936,13718.9,2025-01-08T01:00:00.000+01:00,false
Almacenamiento,Turbinación bombeo,false,0.3008794190063455,11157.0,2025-01-09T01:00:00.000+01:00,false
Almacenamiento,Turbinación bombeo,false,0.674217434241529,16453.4,2025-01-10T01:00:00.000+01:00,false
Almacenamiento,Turbinación bombeo,false,0.2570218982144959,7424.9,2025-01-11T01:00:00.000+01:00,false
Almacenamiento,Turbinación bombeo,false,0.08344981276753059,4018.0,2025-01-12T01:00:00.000+01:00,false
Almacenamiento,Turbinación bombeo,false,0.35261614569827054,8838.5,2025-01-13T01:00:00.000+01:00,false
Almacenamiento,Turbinación bombeo,false,0.4443759884347075,9160.1,2025-01-14T01:00:00.000+01:00,false
Almacenamiento,Turbinación bombeo,false,0.6628239789481274,9193.7,2025-01-15T01:00:00.000+01:00,false
Almacenamiento,Turbinación bombeo,false,0.557133201705135,10468.7,2025-01-16T01:00:00.000+01:00,false
Almacenamiento,Turbinación bombeo,false,0.673206046141607,12693.3,2025-01-17T01:00:00.000+01:00,false
Almacenamiento,Turbinación bombeo,false,0.29906436217542537,5545.7,2025-01-18T01:00:00.000+01:00,false
Almacenamiento,Turbinación bombeo,false,0.28317274766179246,5416.5,2025-01-19T01:00:00.000+01:00,false
Almacenamiento,Turbinación bombeo,false,0.7104979827979181,17487.7,2025-01-20T01:00:00.000+01:00,false
Almacenamiento,Turbinación bombeo,false,0.41207136464301347,6307.7,2025-01-21T01:00:00.000+01:00,false
Almacenamiento,Turbinación bombeo,false,0.24342283156239675,4861.3,2025-01-22T01:00:00.000+01:00,false
Almacenamiento,Turbinación bombeo,false,0.12232055942944553,2462.9,2025-01-23T01:00:00.000+01:00,false
Almacenamiento,Turbinación bombeo,false,0.41950205711716937,12878.0,2025-01-24T01:00:00.000+01:00,false
Almacenamiento,Turbinación bombeo,false,0.26256095335503393,12373.5,2025-01-25T01:00:00.000+01:00,false
Almacenamiento,Turbinación bombeo,false,0.1777546437858,11423.1,2025-01-26T01:00:00.000+01:00,false
Almacenamiento,Turbinación bombeo,false,0.16587634533040158,11466.7,2025-01-27T01:00:00.000+01:00,false
Almacenamiento,Turbinación bombeo,false,0.16916026583626342,9674.8,2025-01-28T01:00:00.000+01:00,false
Almacenamiento,Turbinación bombeo,false,0.42900468948590964,19577.2,2025-01-29T01:00:00.000+01:00,false
Almacenamiento,Turbinación bombeo,false,0.15227776726889286,7567.2,2025-01-30T01:00:00.000+01:00,false
Almacenamiento,Turbinación bombeo,false,0.2335130932149726,7928.4,2025-01-31T01:00:00.000+01:00,false
Almacenamiento,Consumos bombeo,false,0.8247517185165687,-35718.1,2025-01-01T01:00:00.000+01:00,false
Almacenamiento,Consumos bombeo,false,0.5228911727014599,-12485.7,2025-01-02T01:00:00.000+01:00,false
Almacenamiento,Consumos bombeo,false,0.7109531786723522,-21007.6,2025-01-03T01:00:00.000+01:00,false
Almacenamiento,Consumos bombeo,false,0.27765242473583257,-5746.6,2025-01-04T01:00:00.000+01:00,false
Almacenamiento,Consumos bombeo,false,0.9017642202735233,-62481.8,2025-01-05T01:00:00.000+01:00,false
Almacenamiento,Consumos bombeo,false,0.7842266348779462,-47530.8,2025-01-06T01:00:00.000+01:00,false
Almacenamiento,Consumos bombeo,false,0.6702297320124405,-26980.5,2025-01-07T01:00:00.000+01:00,false
Almacenamiento,Consumos bombeo,false,0.5817701807495206,-19083.4,2025-01-08T01:00:00.000+01:00,false
Almacenamiento,Consumos bombeo,false,0.6991205809936544,-25924.3,2025-01-09T01:00:00.000+01:00,false
Almacenamiento,Consumos bombeo,false,0.32578256575847103,-7950.3,2025-01-10T01:00:00.000+01:00,false
Almacenamiento,Consumos bombeo,false,0.7429781017855042,-21463.3,2025-01-11T01:00:00.000+01:00,false
Almacenamiento,Consumos bombeo,false,0.9165501872324694,-44130.7,2025-01-12T01:00:00.000+01:00,false
Almacenamiento,Consumos bombeo,false,0.6473838543017295,-16227.0,2025-01-13T01:00:00.000+01:00,false
Almacenamiento,Consumos bombeo,false,0.5556240115652924,-11453.3,2025-01-14T01:00:00.000+01:00,false
Almacenamiento,Consumos bombeo,false,0.33717602105187267,-4676.8,2025-01-15T01:00:00.000+01:00,false
Almacenamiento,Consumos bombeo,false,0.44286679829486486,-8321.6,2025-01-16T01:00:00.000+01:00,false
Almacenamiento,Consumos bombeo,false,0.326793953858393,-6161.7,2025-01-17T01:00:00.000+01:00,false
Almacenamiento,Consumos bombeo,false,0.7009356378245746,-12997.8,2025-01-18T01:00:00.000+01:00,false
Almacenamiento,Consumos bombeo,false,0.7168272523382074,-13711.4,2025-01-19T01:00:00.000+01:00,false
Almacenamiento,Consumos bombeo,false,0.2895020172020818,-7125.6,2025-01-20T01:00:00.000+01:00,false
Almacenamiento,Consumos bombeo,false,0.5879286353569866,-8999.6,2025-01-21T01:00:00.000+01:00,false
Almacenamiento,Consumos bombeo,false,0.7565771684376033,-15109.3,2025-01-22T01:00:00.000+01:00,false
Almacenamiento,Consumos bombeo,false,0.8776794405705544,-17671.9,2025-01-23T01:00:00.000+01:00,false
Almacenamiento,Consumos bombeo,false,0.5804979428828306,-17820.3,2025-01-24T01:00:00.000+01:00,false
Almacenamiento,Consumos bombeo,false,0.7374390466449661,-34752.7,2025-01-25T01:00:00.000+01:00,false
Almacenamiento,Consumos bombeo,false,0.8222453562142,-52840.2,2025-01-26T01:00:00.000+01:00,false
Almacenamiento,Consumos bombeo,false,0.8341236546695985,-57661.3,2025-01-27T01:00:00.000+01:00,false
Almacenamiento,Consumos bombeo,false,0.8308397341637365,-47518.3,2025-01-28T01:00:00.000+01:00,false
Almacenamiento,Consumos bombeo,false,0.5709953105140904,-26056.8,2025-01-29T01:00:00.000+01:00,false
Almacenamiento,Consumos bombeo,false,0.8477222327311071,-42126.2,2025-01-30T01:00:00.000+01:00,false
Almacenamiento,Consumos bombeo,false,0.7664869067850274,-26024.3,2025-01-31T01:00:00.000+01:00,false
Almacenamiento,Saldo almacenamiento,true,1.0,-28128.5,2025-01-01T01:00:00.000+01:00,false
Almacenamiento,Saldo almacenamiento,true,1.0,-1093.2000000000007,2025-01-02T01:00:00.000+01:00,false
Almacenamiento,Saldo almacenamiento,true,1.0,-12466.699999999999,2025-01-03T01:00:00.000+01:00,false
Almacenamiento,Saldo almacenamiento,true,1.0,9203.9,2025-01-04T01:00:00.000+01:00,false
Almacenamiento,Saldo almacenamiento,true,1.0,-55675.200000000004,2025-01-05T01:00:00.000+01:00,false
Almacenamiento,Saldo almacenamiento,true,1.0,-34453.100000000006,2025-01-06T01:00:00.000+01:00,false
Almacenamiento,Saldo almacenamiento,true,1.0,-13705.4,2025-01-07T01:00:00.000+01:00,false
Almacenamiento,Saldo almacenamiento,true,1.0,-5364.500000000002,2025-01-08T01:00:00.000+01:00,false
Almacenamiento,Saldo almacenamiento,true,1.0,-14767.3,2025-01-09T01:00:00.000+01:00,false
Almacenamiento,Saldo almacenamiento,true,1.0,8503.100000000002,2025-01-10T01:00:00.000+01:00,false
Almacenamiento,Saldo almacenamiento,true,1.0,-14038.4,2025-01-11T01:00:00.000+01:00,false
Almacenamiento,Saldo almacenamiento,true,1.0,-40112.7,2025-01-12T01:00:00.000+01:00,false
Almacenamiento,Saldo almacenamiento,true,1.0,-7388.5,2025-01-13T01:00:00.000+01:00,false
Almacenamiento,Saldo almacenamiento,true,1.0,-2293.199999999999,2025-01-14T01:00:00.000+01:00,false
Almacenamiento,Saldo almacenamiento,true,1.0,4516.900000000001,2025-01-15T01:00:00.000+01:00,false
Almacenamiento,Saldo almacenamiento,true,1.0,2147.1000000000004,2025-01-16T01:00:00.000+01:00,false
Almacenamiento,Saldo almacenamiento,true,1.0,6531.599999999999,2025-01-17T01:00:00.000+01:00,false
Almacenamiento,Saldo almacenamiento,true,1.0,-7452.099999999999,2025-01-18T01:00:00.000+01:00,false
Almacenamiento,Saldo almacenamiento,true,1.0,-8294.9,2025-01-19T01:00:00.000+01:00,false
Almacenamiento,Saldo almacenamiento,true,1.0,10362.1,2025-01-20T01:00:00.000+01:00,false
Almacenamiento,Saldo almacenamiento,true,1.0,-2691.9000000000005,2025-01-21T01:00:00.000+01:00,false
Almacenamiento,Saldo almacenamiento,true,1.0,-10248.0,2025-01-22T01:00:00.000+01:00,false
Almacenamiento,Saldo almacenamiento,true,1.0,-15209.000000000002,2025-01-23T01:00:00.000+01:00,false
Almacenamiento,Saldo almacenamiento,true,1.0,-4942.299999999999,2025-01-24T01:00:00.000+01:00,false
Almacenamiento,Saldo almacenamiento,true,1.0,-22379.199999999997,2025-01-25T01:00:00.000+01:00,false
Almacenamiento,Saldo almacenamiento,true,1.0,-41417.1,2025-01-26T01:00:00.000+01:00,false
Almacenamiento,Saldo almacenamiento,true,1.0,-46194.600000000006,2025-01-27T01:00:00.000+01:00,false
Almacenamiento,Saldo almacenamiento,true,1.0,-37843.5,2025-01-28T01:00:00.000+01:00,false
Almacenamiento,Saldo almacenamiento,true,1.0,-6479.5999999999985,2025-01-29T01:00:00.000+01:00,false
Almacenamiento,Saldo almacenamiento,true,1.0,-34559.0,2025-01-30T01:00:00.000+01:00,false
Almacenamiento,Saldo almacenamiento,true,1.0,-18095.9,2025-01-31T01:00:00.000+01:00,false
Demanda,Saldo I. internacionales,false,7.426763357334795E-4,-452.3,2025-01-01T01:00:00.000+01:00,false
Demanda,Saldo I. internacionales,false,0.022308804081560607,-16471.0,2025-01-02T01:00:00.000+01:00,false
Demanda,Saldo I. internacionales,false,0.04112562047747975,-33149.0,2025-01-03T01:00:00.000+01:00,false
Demanda,Saldo I. internacionales,false,0.08776926650570066,-69303.8,2025-01-04T01:00:00.000+01:00,false
Demanda,Saldo I. internacionales,false,0.038371684176699866,-28136.3,2025-01-05T01:00:00.000+01:00,false
Demanda,Saldo I. internacionales,false,0.08445274176801293,-64360.9,2025-01-06T01:00:00.000+01:00,false
Demanda,Saldo I. internacionales,false,0.03979574588764288,-32873.2,2025-01-07T01:00:00.000+01:00,false
Demanda,Saldo I. internacionales,false,0.05127630581169379,-44388.0,2025-01-08T01:00:00.000+01:00,false
Demanda,Saldo I. internacionales,false,0.0739641960792925,-66911.2,2025-01-09T01:00:00.000+01:00,false
Demanda,Saldo I. internacionales,false,0.07708760376976684,-67533.4,2025-01-10T01:00:00.000+01:00,false
Demanda,Saldo I. internacionales,false,0.12067845299022649,-107260.5,2025-01-11T01:00:00.000+01:00,false
Demanda,Saldo I. internacionales,false,0.1253117159185834,-109872.2,2025-01-12T01:00:00.000+01:00,false
Demanda,Saldo I. internacionales,false,0.06384534009135351,-56264.5,2025-01-13T01:00:00.000+01:00,false
Demanda,Saldo I. internacionales,false,0.021956045305284333,-18572.2,2025-01-14T01:00:00.000+01:00,false
Demanda,Saldo I. internacionales,false,0.06958937597420839,-65808.7,2025-01-15T01:00:00.000+01:00,false
Demanda,Saldo I. internacionales,false,0.06775056355207064,-64690.4,2025-01-16T01:00:00.000+01:00,false
Demanda,Saldo I. internacionales,false,0.021671432047632357,-18284.8,2025-01-17T01:00:00.000+01:00,false
Demanda,Saldo I. internacionales,false,0.01625931744446952,-12142.6,2025-01-18T01:00:00.000+01:00,false
Demanda,Saldo I. internacionales,false,0.037216218805094146,-27628.4,2025-01-19T01:00:00.000+01:00,false
Demanda,Saldo I. internacionales,false,0.025773945856549487,-21755.2,2025-01-20T01:00:00.000+01:00,false
Demanda,Saldo I. internacionales,false,0.024527364856243992,-20973.1,2025-01-21T01:00:00.000+01:00,false
Demanda,Saldo I. internacionales,false,0.03574536314662695,-30420.0,2025-01-22T01:00:00.000+01:00,false
Demanda,Saldo I. internacionales,false,0.018864638716369928,14617.2,2025-01-23T01:00:00.000+01:00,false
Demanda,Saldo I. internacionales,false,0.04024181538525039,30401.1,2025-01-24T01:00:00.000+01:00,false
Demanda,Saldo I. internacionales,false,0.044676139739193294,-34187.4,2025-01-25T01:00:00.000+01:00,false
Demanda,Saldo I. internacionales,false,0.0427278526869117,-31712.1,2025-01-26T01:00:00.000+01:00,false
Demanda,Saldo I. internacionales,false,0.01809606893017262,-14765.7,2025-01-27T01:00:00.000+01:00,false
Demanda,Saldo I. internacionales,false,0.017475850216713253,-14591.1,2025-01-28T01:00:00.000+01:00,false
Demanda,Saldo I. internacionales,false,0.009725547036854224,-7960.8,2025-01-29T01:00:00.000+01:00,false
Demanda,Saldo I. internacionales,false,0.03341676172765237,-29076.4,2025-01-30T01:00:00.000+01:00,false
Demanda,Saldo I. internacionales,false,0.06205892329255281,-55269.9,2025-01-31T01:00:00.000+01:00,false
Demanda,Demanda en b.c.,true,1.0,608109.0149999999,2025-01-01T01:00:00.000+01:00,false
Demanda,Demanda en b.c.,true,1.0,705376.376,2025-01-02T01:00:00.000+01:00,false
Demanda,Demanda en b.c.,true,1.0,739744.55,2025-01-03T01:00:00.000+01:00,false
Demanda,Demanda en b.c.,true,1.0,651005.926,2025-01-04T01:00:00.000+01:00,false
Demanda,Demanda en b.c.,true,1.0,676984.2429999999,2025-01-05T01:00:00.000+01:00,false
Demanda,Demanda en b.c.,true,1.0,633371.8709999999,2025-01-06T01:00:00.000+01:00,false
Demanda,Demanda en b.c.,true,1.0,760301.6930000001,2025-01-07T01:00:00.000+01:00,false
Demanda,Demanda en b.c.,true,1.0,776886.986,2025-01-08T01:00:00.000+01:00,false
Demanda,Demanda en b.c.,true,1.0,770820.7050000001,2025-01-09T01:00:00.000+01:00,false
Demanda,Demanda en b.c.,true,1.0,740993.639,2025-01-10T01:00:00.000+01:00,false
Demanda,Demanda en b.c.,true,1.0,674291.355,2025-01-11T01:00:00.000+01:00,false
Demanda,Demanda en b.c.,true,1.0,657046.7220000001,2025-01-12T01:00:00.000+01:00,false
Demanda,Demanda en b.c.,true,1.0,768733.437,2025-01-13T01:00:00.000+01:00,false
Demanda,Demanda en b.c.,true,1.0,808736.5290000001,2025-01-14T01:00:00.000+01:00,false
Demanda,Demanda en b.c.,true,1.0,814054.25,2025-01-15T01:00:00.000+01:00,false
Demanda,Demanda en b.c.,true,1.0,825451.11,2025-01-16T01:00:00.000+01:00,false
Demanda,Demanda en b.c.,true,1.0,807158.676,2025-01-17T01:00:00.000+01:00,false
Demanda,Demanda en b.c.,true,1.0,722523.517,2025-01-18T01:00:00.000+01:00,false
Demanda,Demanda en b.c.,true,1.0,687118.4569999999,2025-01-19T01:00:00.000+01:00,false
Demanda,Demanda en b.c.,true,1.0,800566.7980000001,2025-01-20T01:00:00.000+01:00,false
Demanda,Demanda en b.c.,true,1.0,813143.62,2025-01-21T01:00:00.000+01:00,false
Demanda,Demanda en b.c.,true,1.0,790179.47,2025-01-22T01:00:00.000+01:00,false
Demanda,Demanda en b.c.,true,1.0,774846.538,2025-01-23T01:00:00.000+01:00,false
Demanda,Demanda en b.c.,true,1.0,755460.451,2025-01-24T01:00:00.000+01:00,false
Demanda,Demanda en b.c.,true,1.0,696852.46,2025-01-25T01:00:00.000+01:00,false
Demanda,Demanda en b.c.,true,1.0,678763.811,2025-01-26T01:00:00.000+01:00,false
Demanda,Demanda en b.c.,true,1.0,786430.346,2025-01-27T01:00:00.000+01:00,false
Demanda,Demanda en b.c.,true,1.0,805747.135,2025-01-28T01:00:00.000+01:00,false
Demanda,Demanda en b.c.,true,1.0,802623.6159999999,2025-01-29T01:00:00.000+01:00,false
Demanda,Demanda en b.c.,true,1.0,811961.433,2025-01-30T01:00:00.000+01:00,false
Demanda,Demanda en b.c.,true,1.0,780063.792,2025-01-31T01:00:00.000+01:00,false
