Familia,Tipo,Compuesto,Porcentaje,Valor,Fecha,BajasEmisiones,Año,Mes
Renovable,Hidráulica,false,0.25014051881153365,62482.7,2025-01-01T01:00:00.000+01:00,true,2025,1
Renovable,Hidráulica,false,0.22037253753255556,74771.5,2025-01-02T01:00:00.000+01:00,true,2025,1
Renovable,Hidráulica,false,0.16483498865526314,73460.5,2025-01-03T01:00:00.000+01:00,true,2025,1
Renovable,Hidráulica,false,0.18504840040203374,74196.7,2025-01-04T01:00:00.000+01:00,true,2025,1
Renovable,Hidráulica,false,0.1260262771390151,53504.2,2025-01-05T01:00:00.000+01:00,true,2025,1
Renovable,Hidráulica,false,0.13509735788605734,56554.5,2025-01-06T01:00:00.000+01:00,true,2025,1
Renovable,Hidráulica,false,0.15538832042903053,74815.2,2025-01-07T01:00:00.000+01:00,true,2025,1
Renovable,Hidráulica,false,0.17793131257012004,90055.0,2025-01-08T01:00:00.000+01:00,true,2025,1
Renovable,Hidráulica,false,0.17559839150731518,95345.0,2025-01-09T01:00:00.000+01:00,true,2025,1
Renovable,Hidráulica,false,0.2297173258719408,112964.2,2025-01-10T01:00:00.000+01:00,true,2025,1
Renovable,Hidráulica,false,0.16941221343795962,81839.0,2025-01-11T01:00:00.000+01:00,true,2025,1
Renovable,Hidráulica,false,0.15820396576311072,72832.8,2025-01-12T01:00:00.000+01:00,true,2025,1
Renovable,Hidráulica,false,0.2394409254369476,110741.4,2025-01-13T01:00:00.000+01:00,true,2025,1
Renovable,Hidráulica,false,0.3374046153897926,127533.7,2025-01-14T01:00:00.000+01:00,true,2025,1
Renovable,Hidráulica,false,0.3182498255209989,139763.6,2025-01-15T01:00:00.000+01:00,true,2025,1
Renovable,Hidráulica,false,0.3042622905261637,139264.5,2025-01-16T01:00:00.000+01:00,true,2025,1
Renovable,Hidráulica,false,0.3804644712000687,143045.9,2025-01-17T01:00:00.000+01:00,true,2025,1
Renovable,Hidráulica,false,0.43401472462980845,140324.6,2025-01-18T01:00:00.000+01:00,true,2025,1
Renovable,Hidráulica,false,0.37366028926756784,125586.1,2025-01-19T01:00:00.000+01:00,true,2025,1
Renovable,Hidráulica,false,0.45864022260168025,137049.4,2025-01-20T01:00:00.000+01:00,true,2025,1
Renovable,Hidráulica,false,0.33069734973951825,122102.1,2025-01-21T01:00:00.000+01:00,true,2025,1
Renovable,Hidráulica,false,0.2578736133516429,112758.4,2025-01-22T01:00:00.000+01:00,true,2025,1
Renovable,Hidráulica,false,0.34785637903374017,127372.0,2025-01-23T01:00:00.000+01:00,true,2025,1
Renovable,Hidráulica,false,0.25487255496476396,106951.7,2025-01-24T01:00:00.000+01:00,true,2025,1
Renovable,Hidráulica,false,0.1996337161977847,91164.1,2025-01-25T01:00:00.000+01:00,true,2025,1
Renovable,Hidráulica,false,0.17741166750254653,80113.8,2025-01-26T01:00:00.000+01:00,true,2025,1
Renovable,Hidráulica,false,0.153730776995067,83644.6,2025-01-27T01:00:00.000+01:00,true,2025,1
Renovable,Hidráulica,false,0.18854795257448956,107853.5,2025-01-28T01:00:00.000+01:00,true,2025,1
Renovable,Hidráulica,false,0.23791562072288575,124370.1,2025-01-29T01:00:00.000+01:00,true,2025,1
Renovable,Hidráulica,false,0.2191317841929702,122125.2,2025-01-30T01:00:00.000+01:00,true,2025,1
Renovable,Hidráulica,false,0.3030873741675845,155024.0,2025-01-31T01:00:00.000+01:00,true,2025,1
Renovable,Eólica,false,0.3778240491941406,94376.82,2025-01-01T01:00:00.000+01:00,true,2025,1
Renovable,Eólica,false,0.4607296603787206,156323.688,2025-01-02T01:00:00.000+01:00,true,2025,1
Renovable,Eólica,false,0.6314359011343521,281406.256,2025-01-03T01:00:00.000+01:00,true,2025,1
Renovable,Eólica,false,0.6010417471223438,240992.703,2025-01-04T01:00:00.000+01:00,true,2025,1
Renovable,Eólica,false,0.7506048745224358,318667.775,2025-01-05T01:00:00.000+01:00,true,2025,1
Renovable,Eólica,false,0.6918809049897877,289635.41,2025-01-06T01:00:00.000+01:00,true,2025,1
Renovable,Eólica,false,0.6602596123458603,317896.833,2025-01-07T01:00:00.000+01:00,true,2025,1
Renovable,Eólica,false,0.6778209054546821,343060.256,2025-01-08T01:00:00.000+01:00,true,2025,1
Renovable,Eólica,false,0.666737777154836,362019.907,2025-01-09T01:00:00.000+01:00,true,2025,1
Renovable,Eólica,false,0.6083711375881622,299168.374,2025-01-10T01:00:00.000+01:00,true,2025,1
Renovable,Eólica,false,0.6755946931439388,326363.684,2025-01-11T01:00:00.000+01:00,true,2025,1
Renovable,Eólica,false,0.613510297371337,282443.443,2025-01-12T01:00:00.000+01:00,true,2025,1
Renovable,Eólica,false,0.47920916122696616,221634.181,2025-01-13T01:00:00.000+01:00,true,2025,1
Renovable,Eólica,false,0.3058638871647145,115611.795,2025-01-14T01:00:00.000+01:00,true,2025,1
Renovable,Eólica,false,0.3744660159486099,164451.68,2025-01-15T01:00:00.000+01:00,true,2025,1
Renovable,Eólica,false,0.4241532494685878,194140.03,2025-01-16T01:00:00.000+01:00,true,2025,1
Renovable,Eólica,false,0.3001943110752579,112866.164,2025-01-17T01:00:00.000+01:00,true,2025,1
Renovable,Eólica,false,0.15072552715518409,48732.216,2025-01-18T01:00:00.000+01:00,true,2025,1
Renovable,Eólica,false,0.28601084721394443,96127.386,2025-01-19T01:00:00.000+01:00,true,2025,1
Renovable,Eólica,false,0.3923230659674574,117232.72,2025-01-20T01:00:00.000+01:00,true,2025,1
Renovable,Eólica,false,0.5345990823477003,197387.946,2025-01-21T01:00:00.000+01:00,true,2025,1
Renovable,Eólica,false,0.596427792817722,260795.367,2025-01-22T01:00:00.000+01:00,true,2025,1
Renovable,Eólica,false,0.4167648973859867,152603.723,2025-01-23T01:00:00.000+01:00,true,2025,1
Renovable,Eólica,false,0.5559905793261178,233309.301,2025-01-24T01:00:00.000+01:00,true,2025,1
Renovable,Eólica,false,0.6578055451398812,300391.395,2025-01-25T01:00:00.000+01:00,true,2025,1
Renovable,Eólica,false,0.6951257255034006,313897.976,2025-01-26T01:00:00.000+01:00,true,2025,1
Renovable,Eólica,false,0.7305382623149987,397484.368,2025-01-27T01:00:00.000+01:00,true,2025,1
Renovable,Eólica,false,0.6555179931040086,374970.446,2025-01-28T01:00:00.000+01:00,true,2025,1
Renovable,Eólica,false,0.6632270597101233,346701.135,2025-01-29T01:00:00.000+01:00,true,2025,1
Renovable,Eólica,false,0.5810131983615576,323806.76,2025-01-30T01:00:00.000+01:00,true,2025,1
Renovable,Eólica,false,0.41436080547526444,211938.454,2025-01-31T01:00:00.000+01:00,true,2025,1
Renovable,Solar fotovoltaica,false,0.3043577427489517,76025.642,2025-01-01T01:00:00.000+01:00,true,2025,1
Renovable,Solar fotovoltaica,false,0.26656626011111884,90444.841,2025-01-02T01:00:00.000+01:00,true,2025,1
Renovable,Solar fotovoltaica,false,0.16890184583705956,75272.939,2025-01-03T01:00:00.000+01:00,true,2025,1
Renovable,Solar fotovoltaica,false,0.17476853948391338,70074.904,2025-01-04T01:00:00.000+01:00,true,2025,1
Renovable,Solar fotovoltaica,false,0.09549369202140735,40541.653,2025-01-05T01:00:00.000+01:00,true,2025,1
Renovable,Solar fotovoltaica,false,0.14295575556930792,59844.185,2025-01-06T01:00:00.000+01:00,true,2025,1
Renovable,Solar fotovoltaica,false,0.1544589485156036,74367.733,2025-01-07T01:00:00.000+01:00,true,2025,1
Renovable,Solar fotovoltaica,false,0.11765351657485154,59547.065,2025-01-08T01:00:00.000+01:00,true,2025,1
Renovable,Solar fotovoltaica,false,0.1306463819795448,70937.32,2025-01-09T01:00:00.000+01:00,true,2025,1
Renovable,Solar fotovoltaica,false,0.13039739869930533,64123.321,2025-01-10T01:00:00.000+01:00,true,2025,1
Renovable,Solar fotovoltaica,false,0.12475600146114438,60266.649,2025-01-11T01:00:00.000+01:00,true,2025,1
Renovable,Solar fotovoltaica,false,0.19195414512590767,88370.464,2025-01-12T01:00:00.000+01:00,true,2025,1
Renovable,Solar fotovoltaica,false,0.23608028891112173,109187.106,2025-01-13T01:00:00.000+01:00,true,2025,1
Renovable,Solar fotovoltaica,false,0.2980345625641283,112652.432,2025-01-14T01:00:00.000+01:00,true,2025,1
Renovable,Solar fotovoltaica,false,0.2568284649138479,112789.601,2025-01-15T01:00:00.000+01:00,true,2025,1
Renovable,Solar fotovoltaica,false,0.22424990631936575,102641.872,2025-01-16T01:00:00.000+01:00,true,2025,1
Renovable,Solar fotovoltaica,false,0.26124240703271695,98221.143,2025-01-17T01:00:00.000+01:00,true,2025,1
Renovable,Solar fotovoltaica,false,0.3452506832585007,111625.623,2025-01-18T01:00:00.000+01:00,true,2025,1
Renovable,Solar fotovoltaica,false,0.28439645312626627,95584.793,2025-01-19T01:00:00.000+01:00,true,2025,1
Renovable,Solar fotovoltaica,false,0.09716692561239998,29035.109,2025-01-20T01:00:00.000+01:00,true,2025,1
Renovable,Solar fotovoltaica,false,0.0937062356601086,34598.79,2025-01-21T01:00:00.000+01:00,true,2025,1
Renovable,Solar fotovoltaica,false,0.11007839908179225,48133.13,2025-01-22T01:00:00.000+01:00,true,2025,1
Renovable,Solar fotovoltaica,false,0.19094977176683936,69918.667,2025-01-23T01:00:00.000+01:00,true,2025,1
Renovable,Solar fotovoltaica,false,0.15260960742731858,64039.288,2025-01-24T01:00:00.000+01:00,true,2025,1
Renovable,Solar fotovoltaica,false,0.11242678008341626,51340.457,2025-01-25T01:00:00.000+01:00,true,2025,1
Renovable,Solar fotovoltaica,false,0.09735549460402132,43962.828,2025-01-26T01:00:00.000+01:00,true,2025,1
Renovable,Solar fotovoltaica,false,0.0936558727608209,50957.968,2025-01-27T01:00:00.000+01:00,true,2025,1
Renovable,Solar fotovoltaica,false,0.13361417482995994,76430.193,2025-01-28T01:00:00.000+01:00,true,2025,1
Renovable,Solar fotovoltaica,false,0.07358648096160637,38467.243,2025-01-29T01:00:00.000+01:00,true,2025,1
Renovable,Solar fotovoltaica,false,0.16493352115972246,91919.752,2025-01-30T01:00:00.000+01:00,true,2025,1
Renovable,Solar fotovoltaica,false,0.23637799052781572,120903.293,2025-01-31T01:00:00.000+01:00,true,2025,1
Renovable,Solar térmica,false,0.018244848554007074,4557.388,2025-01-01T01:00:00.000+01:00,true,2025,1
Renovable,Solar térmica,false,0.01561984064841666,5299.748,2025-01-02T01:00:00.000+01:00,true,2025,1
Renovable,Solar térmica,false,0.005877000506414247,2619.149,2025-01-03T01:00:00.000+01:00,true,2025,1
Renovable,Solar térmica,false,0.0057222079052735905,2294.367,2025-01-04T01:00:00.000+01:00,true,2025,1
Renovable,Solar térmica,false,9.688068958822412E-4,411.305,2025-01-05T01:00:00.000+01:00,true,2025,1
Renovable,Solar térmica,false,0.003079993779375156,1289.348,2025-01-06T01:00:00.000+01:00,true,2025,1
Renovable,Solar térmica,false,0.005767403362285628,2776.846,2025-01-07T01:00:00.000+01:00,true,2025,1
Renovable,Solar térmica,false,0.001708182092623227,864.549,2025-01-08T01:00:00.000+01:00,true,2025,1
Renovable,Solar térmica,false,0.002781499148692663,1510.276,2025-01-09T01:00:00.000+01:00,true,2025,1
Renovable,Solar térmica,false,0.003788519314762019,1863.016,2025-01-10T01:00:00.000+01:00,true,2025,1
Renovable,Solar térmica,false,0.002748545953368748,1327.757,2025-01-11T01:00:00.000+01:00,true,2025,1
Renovable,Solar térmica,false,0.008217929338364035,3783.311,2025-01-12T01:00:00.000+01:00,true,2025,1
Renovable,Solar térmica,false,0.013915862979796688,6436.085,2025-01-13T01:00:00.000+01:00,true,2025,1
Renovable,Solar térmica,false,0.019861028359324913,7507.16,2025-01-14T01:00:00.000+01:00,true,2025,1
Renovable,Solar térmica,false,0.015267573796939793,6704.956,2025-01-15T01:00:00.000+01:00,true,2025,1
Renovable,Solar térmica,false,0.014943984590135113,6840.041,2025-01-16T01:00:00.000+01:00,true,2025,1
Renovable,Solar térmica,false,0.016653161187176267,6261.206,2025-01-17T01:00:00.000+01:00,true,2025,1
Renovable,Solar térmica,false,0.020615670037043017,6665.409,2025-01-18T01:00:00.000+01:00,true,2025,1
Renovable,Solar térmica,false,0.009912233847589842,3331.472,2025-01-19T01:00:00.000+01:00,true,2025,1
Renovable,Solar térmica,false,0.002347170636916549,701.374,2025-01-20T01:00:00.000+01:00,true,2025,1
Renovable,Solar térmica,false,0.0023516185563923894,868.279,2025-01-21T01:00:00.000+01:00,true,2025,1
Renovable,Solar térmica,false,0.0013300896232838423,581.598,2025-01-22T01:00:00.000+01:00,true,2025,1
Renovable,Solar térmica,false,0.0030759940151289774,1126.314,2025-01-23T01:00:00.000+01:00,true,2025,1
Renovable,Solar térmica,false,0.00372932316707872,1564.929,2025-01-24T01:00:00.000+01:00,true,2025,1
Renovable,Solar térmica,false,0.002055753770287417,938.774,2025-01-25T01:00:00.000+01:00,true,2025,1
Renovable,Solar térmica,false,0.0025572088673059216,1154.759,2025-01-26T01:00:00.000+01:00,true,2025,1
Renovable,Solar térmica,false,9.793585951158874E-4,532.867,2025-01-27T01:00:00.000+01:00,true,2025,1
Renovable,Solar térmica,false,0.003061973576689742,1751.515,2025-01-28T01:00:00.000+01:00,true,2025,1
Renovable,Solar térmica,false,0.0017883466004008524,934.856,2025-01-29T01:00:00.000+01:00,true,2025,1
Renovable,Solar térmica,false,0.01148314520295633,6399.717,2025-01-30T01:00:00.000+01:00,true,2025,1
Renovable,Solar térmica,false,0.01736824343696984,8883.559,2025-01-31T01:00:00.000+01:00,true,2025,1
Renovable,Hidroeólica,false,4.8804918238670974E-5,12.191,2025-01-01T01:00:00.000+01:00,true,2025,1
Renovable,Hidroeólica,false,6.092616967525045E-5,20.672,2025-01-02T01:00:00.000+01:00,true,2025,1
Renovable,Hidroeólica,false,8.199284405159194E-5,36.541,2025-01-03T01:00:00.000+01:00,true,2025,1
Renovable,Hidroeólica,false,6.248030609005185E-5,25.052,2025-01-04T01:00:00.000+01:00,true,2025,1
Renovable,Hidroeólica,false,4.286912511410459E-6,1.82,2025-01-05T01:00:00.000+01:00,true,2025,1
Renovable,Hidroeólica,false,1.9580989003386327E-5,8.197,2025-01-06T01:00:00.000+01:00,true,2025,1
Renovable,Hidroeólica,false,9.308943265043934E-6,4.482,2025-01-07T01:00:00.000+01:00,true,2025,1
Renovable,Hidroeólica,false,4.247985364785499E-7,0.215,2025-01-08T01:00:00.000+01:00,true,2025,1
Renovable,Hidroeólica,false,7.753623454253469E-6,4.21,2025-01-09T01:00:00.000+01:00,true,2025,1
Renovable,Hidroeólica,false,3.875929038685877E-6,1.906,2025-01-10T01:00:00.000+01:00,true,2025,1
Renovable,Hidroeólica,false,1.3492696723916723E-5,6.518,2025-01-11T01:00:00.000+01:00,true,2025,1
Renovable,Hidroeólica,false,6.047707646522622E-5,27.842,2025-01-12T01:00:00.000+01:00,true,2025,1
Renovable,Hidroeólica,false,2.184173525509843E-4,101.018,2025-01-13T01:00:00.000+01:00,true,2025,1
Renovable,Hidroeólica,false,2.6608501594044384E-4,100.576,2025-01-14T01:00:00.000+01:00,true,2025,1
Renovable,Hidroeólica,false,1.3595857993216974E-4,59.708,2025-01-15T01:00:00.000+01:00,true,2025,1
Renovable,Hidroeólica,false,3.624113018930168E-5,16.588,2025-01-16T01:00:00.000+01:00,true,2025,1
Renovable,Hidroeólica,false,6.170057864572976E-5,23.198,2025-01-17T01:00:00.000+01:00,true,2025,1
Renovable,Hidroeólica,false,6.537225276092453E-5,21.136,2025-01-18T01:00:00.000+01:00,true,2025,1
Renovable,Hidroeólica,false,2.670360092539239E-5,8.975,2025-01-19T01:00:00.000+01:00,true,2025,1
Renovable,Hidroeólica,false,9.03898332460513E-6,2.701,2025-01-20T01:00:00.000+01:00,true,2025,1
Renovable,Hidroeólica,false,1.5218316541536574E-5,5.619,2025-01-21T01:00:00.000+01:00,true,2025,1
Renovable,Hidroeólica,false,4.4099392029859685E-5,19.283,2025-01-22T01:00:00.000+01:00,true,2025,1
Renovable,Hidroeólica,false,1.7782263410831965E-4,65.112,2025-01-23T01:00:00.000+01:00,true,2025,1
Renovable,Hidroeólica,false,1.389801883050483E-4,58.32,2025-01-24T01:00:00.000+01:00,true,2025,1
Renovable,Hidroeólica,false,6.705472904018538E-5,30.621,2025-01-25T01:00:00.000+01:00,true,2025,1
Renovable,Hidroeólica,false,9.222267440994624E-5,41.645,2025-01-26T01:00:00.000+01:00,true,2025,1
Renovable,Hidroeólica,false,1.3938483053931616E-4,75.839,2025-01-27T01:00:00.000+01:00,true,2025,1
Renovable,Hidroeólica,false,2.1625232636323283E-4,123.701,2025-01-28T01:00:00.000+01:00,true,2025,1
Renovable,Hidroeólica,false,2.0610856406440032E-4,107.743,2025-01-29T01:00:00.000+01:00,true,2025,1
Renovable,Hidroeólica,false,1.8176110643159228E-4,101.298,2025-01-30T01:00:00.000+01:00,true,2025,1
Renovable,Hidroeólica,false,2.1592511983832416E-4,110.442,2025-01-31T01:00:00.000+01:00,true,2025,1
Renovable,Otras renovables,false,0.03814441242795725,9528.108,2025-01-01T01:00:00.000+01:00,true,2025,1
Renovable,Otras renovables,false,0.028387633924508257,9631.808,2025-01-02T01:00:00.000+01:00,true,2025,1
Renovable,Otras renovables,false,0.02263023139324807,10085.408,2025-01-03T01:00:00.000+01:00,true,2025,1
Renovable,Otras renovables,false,0.026406401524858653,10587.867,2025-01-04T01:00:00.000+01:00,true,2025,1
Renovable,Otras renovables,false,0.02281112314071628,9684.416,2025-01-05T01:00:00.000+01:00,true,2025,1
Renovable,Otras renovables,false,0.02320727254892062,9715.036,2025-01-06T01:00:00.000+01:00,true,2025,1
Renovable,Otras renovables,false,0.020894103854076973,10059.936,2025-01-07T01:00:00.000+01:00,true,2025,1
Renovable,Otras renovables,false,0.020651009842639387,10451.936,2025-01-08T01:00:00.000+01:00,true,2025,1
Renovable,Otras renovables,false,0.019629156013998398,10658.081,2025-01-09T01:00:00.000+01:00,true,2025,1
Renovable,Otras renovables,false,0.022436569684123314,11033.252,2025-01-10T01:00:00.000+01:00,true,2025,1
Renovable,Otras renovables,false,0.02211875493725212,10685.043,2025-01-11T01:00:00.000+01:00,true,2025,1
Renovable,Otras renovables,false,0.022489976345973516,10353.773,2025-01-12T01:00:00.000+01:00,true,2025,1
Renovable,Otras renovables,false,0.02548647779874141,11787.493,2025-01-13T01:00:00.000+01:00,true,2025,1
Renovable,Otras renovables,false,0.03176319239963667,12005.993,2025-01-14T01:00:00.000+01:00,true,2025,1
Renovable,Otras renovables,false,0.0289446362330713,12711.418,2025-01-15T01:00:00.000+01:00,true,2025,1
Renovable,Otras renovables,false,0.026825633005313747,12278.414,2025-01-16T01:00:00.000+01:00,true,2025,1
Renovable,Otras renovables,false,0.03465002682012285,13027.614,2025-01-17T01:00:00.000+01:00,true,2025,1
Renovable,Otras renovables,false,0.04150784837257329,13420.218,2025-01-18T01:00:00.000+01:00,true,2025,1
Renovable,Otras renovables,false,0.03864098231119556,12987.118,2025-01-19T01:00:00.000+01:00,true,2025,1
Renovable,Otras renovables,false,0.04178827406727531,12487.038,2025-01-20T01:00:00.000+01:00,true,2025,1
Renovable,Otras renovables,false,0.032309572073018177,11929.538,2025-01-21T01:00:00.000+01:00,true,2025,1
Renovable,Otras renovables,false,0.029370099039692118,12842.436,2025-01-22T01:00:00.000+01:00,true,2025,1
Renovable,Otras renovables,false,0.035335789650025186,12938.645,2025-01-23T01:00:00.000+01:00,true,2025,1
Renovable,Otras renovables,false,0.028652431579573107,12023.367,2025-01-24T01:00:00.000+01:00,true,2025,1
Renovable,Otras renovables,false,0.025084663684982005,11455.083,2025-01-25T01:00:00.000+01:00,true,2025,1
Renovable,Otras renovables,false,0.023782725194976657,10739.567,2025-01-26T01:00:00.000+01:00,true,2025,1
Renovable,Otras renovables,false,0.01793501348744294,9758.404,2025-01-27T01:00:00.000+01:00,true,2025,1
Renovable,Otras renovables,false,0.016211777893866637,9273.487,2025-01-28T01:00:00.000+01:00,true,2025,1
Renovable,Otras renovables,false,0.02015547705402766,10536.251,2025-01-29T01:00:00.000+01:00,true,2025,1
Renovable,Otras renovables,false,0.020683444260965377,11527.172,2025-01-30T01:00:00.000+01:00,true,2025,1
Renovable,Otras renovables,false,0.024338003734123096,12448.472,2025-01-31T01:00:00.000+01:00,true,2025,1
Renovable,Residuos renovables,false,0.011239623345171085,2807.55,2025-01-01T01:00:00.000+01:00,true,2025,1
Renovable,Residuos renovables,false,0.00826314123500464,2803.65,2025-01-02T01:00:00.000+01:00,true,2025,1
Renovable,Residuos renovables,false,0.006238039629611346,2780.05,2025-01-03T01:00:00.000+01:00,true,2025,1
Renovable,Residuos renovables,false,0.006950223255486667,2786.75,2025-01-04T01:00:00.000+01:00,true,2025,1
Renovable,Residuos renovables,false,0.004090939368031695,1736.8,2025-01-05T01:00:00.000+01:00,true,2025,1
Renovable,Residuos renovables,false,0.0037591342375477487,1573.65,2025-01-06T01:00:00.000+01:00,true,2025,1
Renovable,Residuos renovables,false,0.0032223025498778245,1551.45,2025-01-07T01:00:00.000+01:00,true,2025,1
Renovable,Residuos renovables,false,0.004234648666547218,2143.25,2025-01-08T01:00:00.000+01:00,true,2025,1
Renovable,Residuos renovables,false,0.004599040572158919,2497.15,2025-01-09T01:00:00.000+01:00,true,2025,1
Renovable,Residuos renovables,false,0.005285172912667679,2599.0,2025-01-10T01:00:00.000+01:00,true,2025,1
Renovable,Residuos renovables,false,0.005356298369612538,2587.5,2025-01-11T01:00:00.000+01:00,true,2025,1
Renovable,Residuos renovables,false,0.005563208978841826,2561.15,2025-01-12T01:00:00.000+01:00,true,2025,1
Renovable,Residuos renovables,false,0.005648866293875365,2612.6,2025-01-13T01:00:00.000+01:00,true,2025,1
Renovable,Residuos renovables,false,0.006806629106462516,2572.8,2025-01-14T01:00:00.000+01:00,true,2025,1
Renovable,Residuos renovables,false,0.00610752500659988,2682.2,2025-01-15T01:00:00.000+01:00,true,2025,1
Renovable,Residuos renovables,false,0.005528694960244597,2530.55,2025-01-16T01:00:00.000+01:00,true,2025,1
Renovable,Residuos renovables,false,0.006733922106011665,2531.8,2025-01-17T01:00:00.000+01:00,true,2025,1
Renovable,Residuos renovables,false,0.007820174294129522,2528.4,2025-01-18T01:00:00.000+01:00,true,2025,1
Renovable,Residuos renovables,false,0.007352490632510685,2471.15,2025-01-19T01:00:00.000+01:00,true,2025,1
Renovable,Residuos renovables,false,0.007725302130945839,2308.45,2025-01-20T01:00:00.000+01:00,true,2025,1
Renovable,Residuos renovables,false,0.006320923306720971,2333.85,2025-01-21T01:00:00.000+01:00,true,2025,1
Renovable,Residuos renovables,false,0.004875906693837181,2132.05,2025-01-22T01:00:00.000+01:00,true,2025,1
Renovable,Residuos renovables,false,0.005839345514171024,2138.15,2025-01-23T01:00:00.000+01:00,true,2025,1
Renovable,Residuos renovables,false,0.004006523346842635,1681.25,2025-01-24T01:00:00.000+01:00,true,2025,1
Renovable,Residuos renovables,false,0.0029264863946083983,1336.4,2025-01-25T01:00:00.000+01:00,true,2025,1
Renovable,Residuos renovables,false,0.003674955653339075,1659.5,2025-01-26T01:00:00.000+01:00,true,2025,1
Renovable,Residuos renovables,false,0.0030213310160152676,1643.9,2025-01-27T01:00:00.000+01:00,true,2025,1
Renovable,Residuos renovables,false,0.002829875694622381,1618.75,2025-01-28T01:00:00.000+01:00,true,2025,1
Renovable,Residuos renovables,false,0.00312090638689164,1631.45,2025-01-29T01:00:00.000+01:00,true,2025,1
Renovable,Residuos renovables,false,0.0025731457153964038,1434.05,2025-01-30T01:00:00.000+01:00,true,2025,1
Renovable,Residuos renovables,false,0.004251657538403974,2174.65,2025-01-31T01:00:00.000+01:00,true,2025,1
Renovable,Generación renovable,true,1.0,249790.399,2025-01-01T01:00:00.000+01:00,true,2025,1
Renovable,Generación renovable,true,1.0,339295.90700000006,2025-01-02T01:00:00.000+01:00,true,2025,1
Renovable,Generación renovable,true,1.0,445660.843,2025-01-03T01:00:00.000+01:00,true,2025,1
Renovable,Generación renovable,true,1.0,400958.34300000005,2025-01-04T01:00:00.000+01:00,true,2025,1
Renovable,Generación renovable,true,1.0,424547.96900000004,2025-01-05T01:00:00.000+01:00,true,2025,1
Renovable,Generación renovable,true,1.0,418620.326,2025-01-06T01:00:00.000+01:00,true,2025,1
Renovable,Generación renovable,true,1.0,481472.48000000004,2025-01-07T01:00:00.000+01:00,true,2025,1
Renovable,Generación renovable,true,1.0,506122.271,2025-01-08T01:00:00.000+01:00,true,2025,1
Renovable,Generación renovable,true,1.0,542971.9439999999,2025-01-09T01:00:00.000+01:00,true,2025,1
Renovable,Generación renovable,true,1.0,491753.069,2025-01-10T01:00:00.000+01:00,true,2025,1
Renovable,Generación renovable,true,1.0,483076.15099999995,2025-01-11T01:00:00.000+01:00,true,2025,1
Renovable,Generación renovable,true,1.0,460372.78300000005,2025-01-12T01:00:00.000+01:00,true,2025,1
Renovable,Generación renovable,true,1.0,462499.88300000003,2025-01-13T01:00:00.000+01:00,true,2025,1
Renovable,Generación renovable,true,1.0,377984.456,2025-01-14T01:00:00.000+01:00,true,2025,1
Renovable,Generación renovable,true,1.0,439163.16300000006,2025-01-15T01:00:00.000+01:00,true,2025,1
Renovable,Generación renovable,true,1.0,457711.995,2025-01-16T01:00:00.000+01:00,true,2025,1
Renovable,Generación renovable,true,1.0,375977.02499999997,2025-01-17T01:00:00.000+01:00,true,2025,1
Renovable,Generación renovable,true,1.0,323317.602,2025-01-18T01:00:00.000+01:00,true,2025,1
Renovable,Generación renovable,true,1.0,336096.994,2025-01-19T01:00:00.000+01:00,true,2025,1
Renovable,Generación renovable,true,1.0,298816.792,2025-01-20T01:00:00.000+01:00,true,2025,1
Renovable,Generación renovable,true,1.0,369226.1219999999,2025-01-21T01:00:00.000+01:00,true,2025,1
Renovable,Generación renovable,true,1.0,437262.26399999997,2025-01-22T01:00:00.000+01:00,true,2025,1
Renovable,Generación renovable,true,1.0,366162.6110000001,2025-01-23T01:00:00.000+01:00,true,2025,1
Renovable,Generación renovable,true,1.0,419628.155,2025-01-24T01:00:00.000+01:00,true,2025,1
Renovable,Generación renovable,true,1.0,456656.82999999996,2025-01-25T01:00:00.000+01:00,true,2025,1
Renovable,Generación renovable,true,1.0,451570.075,2025-01-26T01:00:00.000+01:00,true,2025,1
Renovable,Generación renovable,true,1.0,544097.946,2025-01-27T01:00:00.000+01:00,true,2025,1
Renovable,Generación renovable,true,1.0,572021.592,2025-01-28T01:00:00.000+01:00,true,2025,1
Renovable,Generación renovable,true,1.0,522748.77800000005,2025-01-29T01:00:00.000+01:00,true,2025,1
Renovable,Generación renovable,true,1.0,557313.949,2025-01-30T01:00:00.000+01:00,true,2025,1
Renovable,Generación renovable,true,1.0,511482.87000000005,2025-01-31T01:00:00.000+01:00,true,2025,1
No-Renovable,Nuclear,false,0.4742146346371877,170140.2,2025-01-01T01:00:00.000+01:00,true,2025,1
No-Renovable,Nuclear,false,0.4447527192002201,170150.0,2025-01-02T01:00:00.000+01:00,true,2025,1
No-Renovable,Nuclear,false,0.5189885729807404,169849.0,2025-01-03T01:00:00.000+01:00,true,2025,1
No-Renovable,Nuclear,false,0.5319515824641226,169892.8,2025-01-04T01:00:00.000+01:00,true,2025,1
No-Renovable,Nuclear,false,0.6054330103979481,169869.0,2025-01-05T01:00:00.000+01:00,true,2025,1
No-Renovable,Nuclear,false,0.608293599439342,169787.3,2025-01-06T01:00:00.000+01:00,true,2025,1
No-Renovable,Nuclear,false,0.5449779992835897,169873.4,2025-01-07T01:00:00.000+01:00,true,2025,1
No-Renovable,Nuclear,false,0.5391198488936784,169905.2,2025-01-08T01:00:00.000+01:00,true,2025,1
No-Renovable,Nuclear,false,0.4979692732058673,146783.5,2025-01-09T01:00:00.000+01:00,true,2025,1
No-Renovable,Nuclear,false,0.48837683586738784,154706.0,2025-01-10T01:00:00.000+01:00,true,2025,1
No-Renovable,Nuclear,false,0.5646929283446569,168550.8,2025-01-11T01:00:00.000+01:00,true,2025,1
No-Renovable,Nuclear,false,0.5541318263404746,169882.4,2025-01-12T01:00:00.000+01:00,true,2025,1
No-Renovable,Nuclear,false,0.46845073006695387,169859.8,2025-01-13T01:00:00.000+01:00,true,2025,1
No-Renovable,Nuclear,false,0.37800046076223975,169882.8,2025-01-14T01:00:00.000+01:00,true,2025,1
No-Renovable,Nuclear,false,0.3853012854550077,169825.2,2025-01-15T01:00:00.000+01:00,true,2025,1
No-Renovable,Nuclear,false,0.3928420185116109,169883.0,2025-01-16T01:00:00.000+01:00,true,2025,1
No-Renovable,Nuclear,false,0.3780160463717374,169914.3,2025-01-17T01:00:00.000+01:00,true,2025,1
No-Renovable,Nuclear,false,0.41309804840221426,169936.0,2025-01-18T01:00:00.000+01:00,true,2025,1
No-Renovable,Nuclear,false,0.44970929742302745,170286.4,2025-01-19T01:00:00.000+01:00,true,2025,1
No-Renovable,Nuclear,false,0.3252802827293304,170286.8,2025-01-20T01:00:00.000+01:00,true,2025,1
No-Renovable,Nuclear,false,0.3663307933520999,170305.8,2025-01-21T01:00:00.000+01:00,true,2025,1
No-Renovable,Nuclear,false,0.44412499823369367,170258.2,2025-01-22T01:00:00.000+01:00,true,2025,1
No-Renovable,Nuclear,false,0.4319123276919528,170230.4,2025-01-23T01:00:00.000+01:00,true,2025,1
No-Renovable,Nuclear,false,0.5572060286350383,170220.6,2025-01-24T01:00:00.000+01:00,true,2025,1
No-Renovable,Nuclear,false,0.6210540160044735,170425.7,2025-01-25T01:00:00.000+01:00,true,2025,1
No-Renovable,Nuclear,false,0.6300628968080211,163153.2,2025-01-26T01:00:00.000+01:00,true,2025,1
No-Renovable,Nuclear,false,0.6255011710187323,160862.6,2025-01-27T01:00:00.000+01:00,true,2025,1
No-Renovable,Nuclear,false,0.6470197127081743,160745.8,2025-01-28T01:00:00.000+01:00,true,2025,1
No-Renovable,Nuclear,false,0.5800199310711017,167012.9,2025-01-29T01:00:00.000+01:00,true,2025,1
No-Renovable,Nuclear,false,0.5997864558755043,170234.5,2025-01-30T01:00:00.000+01:00,true,2025,1
No-Renovable,Nuclear,false,0.5247812590334874,170008.8,2025-01-31T01:00:00.000+01:00,true,2025,1
No-Renovable,Ciclo combinado,false,0.3704233627699757,132901.645,2025-01-01T01:00:00.000+01:00,false,2025,1
No-Renovable,Ciclo combinado,false,0.3651499365187702,139696.193,2025-01-02T01:00:00.000+01:00,false,2025,1
No-Renovable,Ciclo combinado,false,0.25746790605880576,84261.328,2025-01-03T01:00:00.000+01:00,false,2025,1
No-Renovable,Ciclo combinado,false,0.2555771999897237,81625.335,2025-01-04T01:00:00.000+01:00,false,2025,1
No-Renovable,Ciclo combinado,false,0.20787630392244558,58324.768,2025-01-05T01:00:00.000+01:00,false,2025,1
No-Renovable,Ciclo combinado,false,0.22139054480965262,61794.671,2025-01-06T01:00:00.000+01:00,false,2025,1
No-Renovable,Ciclo combinado,false,0.23510206599696806,73282.935,2025-01-07T01:00:00.000+01:00,false,2025,1
No-Renovable,Ciclo combinado,false,0.22333536927611616,70384.796,2025-01-08T01:00:00.000+01:00,false,2025,1
No-Renovable,Ciclo combinado,false,0.24966408145988675,73592.026,2025-01-09T01:00:00.000+01:00,false,2025,1
No-Renovable,Ciclo combinado,false,0.26471860818088305,83856.469,2025-01-10T01:00:00.000+01:00,false,2025,1
No-Renovable,Ciclo combinado,false,0.20315369737498135,60637.767,2025-01-11T01:00:00.000+01:00,false,2025,1
No-Renovable,Ciclo combinado,false,0.23906302081128009,73290.502,2025-01-12T01:00:00.000+01:00,false,2025,1
No-Renovable,Ciclo combinado,false,0.30486928549006326,110545.32,2025-01-13T01:00:00.000+01:00,false,2025,1
No-Renovable,Ciclo combinado,false,0.42285856116513937,190043.145,2025-01-14T01:00:00.000+01:00,false,2025,1
No-Renovable,Ciclo combinado,false,0.405640200672251,178789.77,2025-01-15T01:00:00.000+01:00,false,2025,1
No-Renovable,Ciclo combinado,false,0.40812088668538654,176490.287,2025-01-16T01:00:00.000+01:00,false,2025,1
No-Renovable,Ciclo combinado,false,0.4449319699462089,199992.315,2025-01-17T01:00:00.000+01:00,false,2025,1
No-Renovable,Ciclo combinado,false,0.40338788628818906,165941.534,2025-01-18T01:00:00.000+01:00,false,2025,1
No-Renovable,Ciclo combinado,false,0.3527605157865085,133575.887,2025-01-19T01:00:00.000+01:00,false,2025,1
No-Renovable,Ciclo combinado,false,0.5107058277918236,267358.539,2025-01-20T01:00:00.000+01:00,false,2025,1
No-Renovable,Ciclo combinado,false,0.4442985712658531,206552.725,2025-01-21T01:00:00.000+01:00,false,2025,1
No-Renovable,Ciclo combinado,false,0.329180307679623,126193.407,2025-01-22T01:00:00.000+01:00,false,2025,1
No-Renovable,Ciclo combinado,false,0.34827120881244,137264.772,2025-01-23T01:00:00.000+01:00,false,2025,1
No-Renovable,Ciclo combinado,false,0.18613510127791097,56862.322,2025-01-24T01:00:00.000+01:00,false,2025,1
No-Renovable,Ciclo combinado,false,0.19218874792784998,52739.216,2025-01-25T01:00:00.000+01:00,false,2025,1
No-Renovable,Ciclo combinado,false,0.18934503942905703,49030.421,2025-01-26T01:00:00.000+01:00,false,2025,1
No-Renovable,Ciclo combinado,false,0.18861871536680083,48507.818,2025-01-27T01:00:00.000+01:00,false,2025,1
No-Renovable,Ciclo combinado,false,0.1698690813276285,42202.333,2025-01-28T01:00:00.000+01:00,false,2025,1
No-Renovable,Ciclo combinado,false,0.23854637589325245,68687.85,2025-01-29T01:00:00.000+01:00,false,2025,1
No-Renovable,Ciclo combinado,false,0.21434373289682235,60836.149,2025-01-30T01:00:00.000+01:00,false,2025,1
No-Renovable,Ciclo combinado,false,0.2731888958181124,88502.62,2025-01-31T01:00:00.000+01:00,false,2025,1
No-Renovable,Carbón,false,0.018366528053953224,6589.6,2025-01-01T01:00:00.000+01:00,false,2025,1
No-Renovable,Carbón,false,0.026417239827193795,10106.5,2025-01-02T01:00:00.000+01:00,false,2025,1
No-Renovable,Carbón,false,0.024074367048382134,7878.8,2025-01-03T01:00:00.000+01:00,false,2025,1
No-Renovable,Carbón,false,0.019904411544953215,6357.0,2025-01-04T01:00:00.000+01:00,false,2025,1
No-Renovable,Carbón,false,0.02220444963341879,6230.0,2025-01-05T01:00:00.000+01:00,false,2025,1
No-Renovable,Carbón,false,0.02084045077540342,5817.0,2025-01-06T01:00:00.000+01:00,false,2025,1
No-Renovable,Carbón,false,0.02362828708039968,7365.1,2025-01-07T01:00:00.000+01:00,false,2025,1
No-Renovable,Carbón,false,0.023393404592494185,7372.5,2025-01-08T01:00:00.000+01:00,false,2025,1
No-Renovable,Carbón,false,0.02653171846994932,7820.6,2025-01-09T01:00:00.000+01:00,false,2025,1
No-Renovable,Carbón,false,0.024316876958143115,7703.0,2025-01-10T01:00:00.000+01:00,false,2025,1
No-Renovable,Carbón,false,0.020872264881491,6230.0,2025-01-11T01:00:00.000+01:00,false,2025,1
No-Renovable,Carbón,false,0.020234920066487964,6203.5,2025-01-12T01:00:00.000+01:00,false,2025,1
No-Renovable,Carbón,false,0.03628939237880895,13158.5,2025-01-13T01:00:00.000+01:00,false,2025,1
No-Renovable,Carbón,false,0.041627871804658496,18708.6,2025-01-14T01:00:00.000+01:00,false,2025,1
No-Renovable,Carbón,false,0.04480584133530691,19748.6,2025-01-15T01:00:00.000+01:00,false,2025,1
No-Renovable,Carbón,false,0.02785179451599775,12044.4,2025-01-16T01:00:00.000+01:00,false,2025,1
No-Renovable,Carbón,false,0.015964995002587922,7176.1,2025-01-17T01:00:00.000+01:00,false,2025,1
No-Renovable,Carbón,false,0.019110306219454188,7861.4,2025-01-18T01:00:00.000+01:00,false,2025,1
No-Renovable,Carbón,false,0.021532311362556917,8153.4,2025-01-19T01:00:00.000+01:00,false,2025,1
No-Renovable,Carbón,false,0.030040807005423133,15726.6,2025-01-20T01:00:00.000+01:00,false,2025,1
No-Renovable,Carbón,false,0.032749029661387846,15224.9,2025-01-21T01:00:00.000+01:00,false,2025,1
No-Renovable,Carbón,false,0.03390238687207927,12996.7,2025-01-22T01:00:00.000+01:00,false,2025,1
No-Renovable,Carbón,false,0.03371435313045085,13287.9,2025-01-23T01:00:00.000+01:00,false,2025,1
No-Renovable,Carbón,false,0.03393340673596144,10366.3,2025-01-24T01:00:00.000+01:00,false,2025,1
No-Renovable,Carbón,false,0.0247837524671832,6801.0,2025-01-25T01:00:00.000+01:00,false,2025,1
No-Renovable,Carbón,false,0.0239044611521052,6190.0,2025-01-26T01:00:00.000+01:00,false,2025,1
No-Renovable,Carbón,false,0.02592408867680796,6667.0,2025-01-27T01:00:00.000+01:00,false,2025,1
No-Renovable,Carbón,false,0.028517510022446273,7084.9,2025-01-28T01:00:00.000+01:00,false,2025,1
No-Renovable,Carbón,false,0.02891617084957407,8326.22,2025-01-29T01:00:00.000+01:00,false,2025,1
No-Renovable,Carbón,false,0.0320870048803492,9107.1,2025-01-30T01:00:00.000+01:00,false,2025,1
No-Renovable,Carbón,false,0.028289925427627673,9164.84,2025-01-31T01:00:00.000+01:00,false,2025,1
No-Renovable,Motores diésel,false,0.01775773127467788,6371.174,2025-01-01T01:00:00.000+01:00,false,2025,1
No-Renovable,Motores diésel,false,0.01940344108851355,7423.216,2025-01-02T01:00:00.000+01:00,false,2025,1
No-Renovable,Motores diésel,false,0.02250427146763267,7364.956,2025-01-03T01:00:00.000+01:00,false,2025,1
No-Renovable,Motores diésel,false,0.02119691141270332,6769.794,2025-01-04T01:00:00.000+01:00,false,2025,1
No-Renovable,Motores diésel,false,0.02433996525000068,6829.171,2025-01-05T01:00:00.000+01:00,false,2025,1
No-Renovable,Motores diésel,false,0.023372850367691548,6523.845,2025-01-06T01:00:00.000+01:00,false,2025,1
No-Renovable,Motores diésel,false,0.022937105706307845,7149.654,2025-01-07T01:00:00.000+01:00,false,2025,1
No-Renovable,Motores diésel,false,0.02326180816405546,7331.027,2025-01-08T01:00:00.000+01:00,false,2025,1
No-Renovable,Motores diésel,false,0.02260285223063966,6662.511,2025-01-09T01:00:00.000+01:00,false,2025,1
No-Renovable,Motores diésel,false,0.020491547784402625,6491.228,2025-01-10T01:00:00.000+01:00,false,2025,1
No-Renovable,Motores diésel,false,0.021286788732094067,6353.728,2025-01-11T01:00:00.000+01:00,false,2025,1
No-Renovable,Motores diésel,false,0.019379433246815552,5941.23,2025-01-12T01:00:00.000+01:00,false,2025,1
No-Renovable,Motores diésel,false,0.017082746422472917,6194.188,2025-01-13T01:00:00.000+01:00,false,2025,1
No-Renovable,Motores diésel,false,0.014712904759745496,6612.345,2025-01-14T01:00:00.000+01:00,false,2025,1
No-Renovable,Motores diésel,false,0.014689378387639729,6474.483,2025-01-15T01:00:00.000+01:00,false,2025,1
No-Renovable,Motores diésel,false,0.015738109218202387,6805.884,2025-01-16T01:00:00.000+01:00,false,2025,1
No-Renovable,Motores diésel,false,0.016374942151337505,7360.367,2025-01-17T01:00:00.000+01:00,false,2025,1
No-Renovable,Motores diésel,false,0.017319488646477716,7124.712,2025-01-18T01:00:00.000+01:00,false,2025,1
No-Renovable,Motores diésel,false,0.01905449252976369,7215.152,2025-01-19T01:00:00.000+01:00,false,2025,1
No-Renovable,Motores diésel,false,0.01408267172552945,7372.39,2025-01-20T01:00:00.000+01:00,false,2025,1
No-Renovable,Motores diésel,false,0.014367303401825703,6679.305,2025-01-21T01:00:00.000+01:00,false,2025,1
No-Renovable,Motores diésel,false,0.020050796635921818,7686.603,2025-01-22T01:00:00.000+01:00,false,2025,1
No-Renovable,Motores diésel,false,0.017428952244581283,6869.305,2025-01-23T01:00:00.000+01:00,false,2025,1
No-Renovable,Motores diésel,false,0.02219750808076831,6781.106,2025-01-24T01:00:00.000+01:00,false,2025,1
No-Renovable,Motores diésel,false,0.02552191909723908,7003.563,2025-01-25T01:00:00.000+01:00,false,2025,1
No-Renovable,Motores diésel,false,0.02606634354554698,6749.814,2025-01-26T01:00:00.000+01:00,false,2025,1
No-Renovable,Motores diésel,false,0.027034807753207064,6952.648,2025-01-27T01:00:00.000+01:00,false,2025,1
No-Renovable,Motores diésel,false,0.025742759396597842,6395.54,2025-01-28T01:00:00.000+01:00,false,2025,1
No-Renovable,Motores diésel,false,0.020831091790229413,5998.175,2025-01-29T01:00:00.000+01:00,false,2025,1
No-Renovable,Motores diésel,false,0.01934027827030513,5489.258,2025-01-30T01:00:00.000+01:00,false,2025,1
No-Renovable,Motores diésel,false,0.017349756358525634,5620.649,2025-01-31T01:00:00.000+01:00,false,2025,1
No-Renovable,Turbina de gas,false,0.001732355810163604,621.54,2025-01-01T01:00:00.000+01:00,false,2025,1
No-Renovable,Turbina de gas,false,0.0032280944367039,1234.979,2025-01-02T01:00:00.000+01:00,false,2025,1
No-Renovable,Turbina de gas,false,0.005530510462137891,1809.966,2025-01-03T01:00:00.000+01:00,false,2025,1
No-Renovable,Turbina de gas,false,0.00413672035634063,1321.171,2025-01-04T01:00:00.000+01:00,false,2025,1
No-Renovable,Turbina de gas,false,0.003851531084479505,1080.641,2025-01-05T01:00:00.000+01:00,false,2025,1
No-Renovable,Turbina de gas,false,0.0038691549011269474,1079.961,2025-01-06T01:00:00.000+01:00,false,2025,1
No-Renovable,Turbina de gas,false,0.00778518229441155,2426.695,2025-01-07T01:00:00.000+01:00,false,2025,1
No-Renovable,Turbina de gas,false,0.008244708370631362,2598.344,2025-01-08T01:00:00.000+01:00,false,2025,1
No-Renovable,Turbina de gas,false,0.008366532443999104,2466.154,2025-01-09T01:00:00.000+01:00,false,2025,1
No-Renovable,Turbina de gas,false,0.006683984357445199,2117.325,2025-01-10T01:00:00.000+01:00,false,2025,1
No-Renovable,Turbina de gas,false,0.004238289274059344,1265.054,2025-01-11T01:00:00.000+01:00,false,2025,1
No-Renovable,Turbina de gas,false,0.0024188582396364546,741.559,2025-01-12T01:00:00.000+01:00,false,2025,1
No-Renovable,Turbina de gas,false,0.0035575766724521563,1289.974,2025-01-13T01:00:00.000+01:00,false,2025,1
No-Renovable,Turbina de gas,false,0.0033816287714878894,1519.788,2025-01-14T01:00:00.000+01:00,false,2025,1
No-Renovable,Turbina de gas,false,0.0036344809769781597,1601.932,2025-01-15T01:00:00.000+01:00,false,2025,1
No-Renovable,Turbina de gas,false,0.0036934059271659103,1597.199,2025-01-16T01:00:00.000+01:00,false,2025,1
No-Renovable,Turbina de gas,false,0.004162890078031585,1871.176,2025-01-17T01:00:00.000+01:00,false,2025,1
No-Renovable,Turbina de gas,false,0.002637406520783907,1084.949,2025-01-18T01:00:00.000+01:00,false,2025,1
No-Renovable,Turbina de gas,false,0.0024432441743245403,925.156,2025-01-19T01:00:00.000+01:00,false,2025,1
No-Renovable,Turbina de gas,false,0.0033794866827102196,1769.188,2025-01-20T01:00:00.000+01:00,false,2025,1
No-Renovable,Turbina de gas,false,0.0033611566256302747,1562.589,2025-01-21T01:00:00.000+01:00,false,2025,1
No-Renovable,Turbina de gas,false,0.008485665675010917,3253.035,2025-01-22T01:00:00.000+01:00,false,2025,1
No-Renovable,Turbina de gas,false,0.006124909893412594,2414.022,2025-01-23T01:00:00.000+01:00,false,2025,1
No-Renovable,Turbina de gas,false,0.00695954161647891,2126.067,2025-01-24T01:00:00.000+01:00,false,2025,1
No-Renovable,Turbina de gas,false,0.006853766177980701,1880.767,2025-01-25T01:00:00.000+01:00,false,2025,1
No-Renovable,Turbina de gas,false,0.006938488040360585,1796.704,2025-01-26T01:00:00.000+01:00,false,2025,1
No-Renovable,Turbina de gas,false,0.0062605060460655775,1610.039,2025-01-27T01:00:00.000+01:00,false,2025,1
No-Renovable,Turbina de gas,false,0.005258666845188397,1306.465,2025-01-28T01:00:00.000+01:00,false,2025,1
No-Renovable,Turbina de gas,false,0.004206545730599726,1211.247,2025-01-29T01:00:00.000+01:00,false,2025,1
No-Renovable,Turbina de gas,false,0.003714353295120938,1054.227,2025-01-30T01:00:00.000+01:00,false,2025,1
No-Renovable,Turbina de gas,false,0.0034355434543557038,1112.983,2025-01-31T01:00:00.000+01:00,false,2025,1
No-Renovable,Turbina de vapor,false,0.004067187031746175,1459.238,2025-01-01T01:00:00.000+01:00,false,2025,1
No-Renovable,Turbina de vapor,false,0.004758587479060583,1820.503,2025-01-02T01:00:00.000+01:00,false,2025,1
No-Renovable,Turbina de vapor,false,0.0062275573169648995,2038.088,2025-01-03T01:00:00.000+01:00,false,2025,1
No-Renovable,Turbina de vapor,false,0.005973781378078192,1907.885,2025-01-04T01:00:00.000+01:00,false,2025,1
No-Renovable,Turbina de vapor,false,0.0059263212736369655,1662.774,2025-01-05T01:00:00.000+01:00,false,2025,1
No-Renovable,Turbina de vapor,false,0.007066388877107842,1972.375,2025-01-06T01:00:00.000+01:00,false,2025,1
No-Renovable,Turbina de vapor,false,0.010050919791171125,3132.941,2025-01-07T01:00:00.000+01:00,false,2025,1
No-Renovable,Turbina de vapor,false,0.006564092550242194,2068.693,2025-01-08T01:00:00.000+01:00,false,2025,1
No-Renovable,Turbina de vapor,false,0.006243940685721942,1840.49,2025-01-09T01:00:00.000+01:00,false,2025,1
No-Renovable,Turbina de vapor,false,0.006137569642455981,1944.234,2025-01-10T01:00:00.000+01:00,false,2025,1
No-Renovable,Turbina de vapor,false,0.005174623096982975,1544.533,2025-01-11T01:00:00.000+01:00,false,2025,1
No-Renovable,Turbina de vapor,false,0.004642664049171217,1423.32,2025-01-12T01:00:00.000+01:00,false,2025,1
No-Renovable,Turbina de vapor,false,0.004203182296065004,1524.07,2025-01-13T01:00:00.000+01:00,false,2025,1
No-Renovable,Turbina de vapor,false,0.0031393257474287995,1410.891,2025-01-14T01:00:00.000+01:00,false,2025,1
No-Renovable,Turbina de vapor,false,0.0038815499595760273,1710.83,2025-01-15T01:00:00.000+01:00,false,2025,1
No-Renovable,Turbina de vapor,false,0.008287421195699847,3583.863,2025-01-16T01:00:00.000+01:00,false,2025,1
No-Renovable,Turbina de vapor,false,0.005863118329561355,2635.411,2025-01-17T01:00:00.000+01:00,false,2025,1
No-Renovable,Turbina de vapor,false,0.004876820628656439,2006.176,2025-01-18T01:00:00.000+01:00,false,2025,1
No-Renovable,Turbina de vapor,false,0.006619871896400843,2506.673,2025-01-19T01:00:00.000+01:00,false,2025,1
No-Renovable,Turbina de vapor,false,0.004776546765701478,2500.56,2025-01-20T01:00:00.000+01:00,false,2025,1
No-Renovable,Turbina de vapor,false,0.00666107377681673,3096.708,2025-01-21T01:00:00.000+01:00,false,2025,1
No-Renovable,Turbina de vapor,false,0.006662607972706052,2554.154,2025-01-22T01:00:00.000+01:00,false,2025,1
No-Renovable,Turbina de vapor,false,0.006770856185511062,2668.61,2025-01-23T01:00:00.000+01:00,false,2025,1
No-Renovable,Turbina de vapor,false,0.008941946799902619,2731.671,2025-01-24T01:00:00.000+01:00,false,2025,1
No-Renovable,Turbina de vapor,false,0.010200239637495292,2799.085,2025-01-25T01:00:00.000+01:00,false,2025,1
No-Renovable,Turbina de vapor,false,0.012453807187257403,3224.882,2025-01-26T01:00:00.000+01:00,false,2025,1
No-Renovable,Turbina de vapor,false,0.01456327190291237,3745.294,2025-01-27T01:00:00.000+01:00,false,2025,1
No-Renovable,Turbina de vapor,false,0.011424537393169927,2838.316,2025-01-28T01:00:00.000+01:00,false,2025,1
No-Renovable,Turbina de vapor,false,0.010738982744666737,3092.219,2025-01-29T01:00:00.000+01:00,false,2025,1
No-Renovable,Turbina de vapor,false,0.010535421765359775,2990.218,2025-01-30T01:00:00.000+01:00,false,2025,1
No-Renovable,Turbina de vapor,false,0.008996699062144665,2914.582,2025-01-31T01:00:00.000+01:00,false,2025,1
No-Renovable,Cogeneración,false,0.1037868262844382,37236.96,2025-01-01T01:00:00.000+01:00,false,2025,1
No-Renovable,Cogeneración,false,0.12703800091915213,48601.2,2025-01-02T01:00:00.000+01:00,false,2025,1
No-Renovable,Cogeneración,false,0.15294794822885407,50055.16,2025-01-03T01:00:00.000+01:00,false,2025,1
No-Renovable,Cogeneración,false,0.14835878545641604,47382.3,2025-01-04T01:00:00.000+01:00,false,2025,1
No-Renovable,Cogeneración,false,0.119425866068163,33507.84,2025-01-05T01:00:00.000+01:00,false,2025,1
No-Renovable,Cogeneración,false,0.1055358707579929,29457.24,2025-01-06T01:00:00.000+01:00,false,2025,1
No-Renovable,Cogeneración,false,0.14656050518228028,45683.92,2025-01-07T01:00:00.000+01:00,false,2025,1
No-Renovable,Cogeneración,false,0.16523159089779046,52073.22,2025-01-08T01:00:00.000+01:00,false,2025,1
No-Renovable,Cogeneración,false,0.17575894595412003,51807.44,2025-01-09T01:00:00.000+01:00,false,2025,1
No-Renovable,Cogeneración,false,0.17661578497221173,55947.62,2025-01-10T01:00:00.000+01:00,false,2025,1
No-Renovable,Cogeneración,false,0.1664777207400982,49690.64,2025-01-11T01:00:00.000+01:00,false,2025,1
No-Renovable,Cogeneración,false,0.14671701705827409,44979.62,2025-01-12T01:00:00.000+01:00,false,2025,1
No-Renovable,Cogeneración,false,0.15400155243640556,55840.82,2025-01-13T01:00:00.000+01:00,false,2025,1
No-Renovable,Cogeneración,false,0.1272334632302452,57181.88,2025-01-14T01:00:00.000+01:00,false,2025,1
No-Renovable,Cogeneración,false,0.1326457641031647,58464.88,2025-01-15T01:00:00.000+01:00,false,2025,1
No-Renovable,Cogeneración,false,0.13414300556201333,58009.62,2025-01-16T01:00:00.000+01:00,false,2025,1
No-Renovable,Cogeneración,false,0.12564267080597444,56475.08,2025-01-17T01:00:00.000+01:00,false,2025,1
No-Renovable,Cogeneración,false,0.13023440078714024,53574.48,2025-01-18T01:00:00.000+01:00,false,2025,1
No-Renovable,Cogeneración,false,0.13807104114126076,52281.82,2025-01-19T01:00:00.000+01:00,false,2025,1
No-Renovable,Cogeneración,false,0.10480410948215153,54865.78,2025-01-20T01:00:00.000+01:00,false,2025,1
No-Renovable,Cogeneración,false,0.12420565685093539,57742.74,2025-01-21T01:00:00.000+01:00,false,2025,1
No-Renovable,Cogeneración,false,0.1482274113794902,56823.94,2025-01-22T01:00:00.000+01:00,false,2025,1
No-Renovable,Cogeneración,false,0.14643470607813544,57714.58,2025-01-23T01:00:00.000+01:00,false,2025,1
No-Renovable,Cogeneración,false,0.1747529692639272,53385.2,2025-01-24T01:00:00.000+01:00,false,2025,1
No-Renovable,Cogeneración,false,0.1111497911596242,30501.02,2025-01-25T01:00:00.000+01:00,false,2025,1
No-Renovable,Cogeneración,false,0.10118715926029803,26202.16,2025-01-26T01:00:00.000+01:00,false,2025,1
No-Renovable,Cogeneración,false,0.10204704295484622,26243.84,2025-01-27T01:00:00.000+01:00,false,2025,1
No-Renovable,Cogeneración,false,0.10288401468321909,25560.54,2025-01-28T01:00:00.000+01:00,false,2025,1
No-Renovable,Cogeneración,false,0.10868289415550067,31294.52,2025-01-29T01:00:00.000+01:00,false,2025,1
No-Renovable,Cogeneración,false,0.11262207170891551,31964.98,2025-01-30T01:00:00.000+01:00,false,2025,1
No-Renovable,Cogeneración,false,0.1346208477566627,43611.94,2025-01-31T01:00:00.000+01:00,false,2025,1
No-Renovable,Residuos no renovables,false,0.009651374137857612,3462.75,2025-01-01T01:00:00.000+01:00,false,2025,1
No-Renovable,Residuos no renovables,false,0.009251980530385772,3539.55,2025-01-02T01:00:00.000+01:00,false,2025,1
No-Renovable,Residuos no renovables,false,0.012258866436482295,4011.95,2025-01-03T01:00:00.000+01:00,false,2025,1
No-Renovable,Residuos no renovables,false,0.012900607397662259,4120.15,2025-01-04T01:00:00.000+01:00,false,2025,1
No-Renovable,Residuos no renovables,false,0.010942552369907281,3070.2,2025-01-05T01:00:00.000+01:00,false,2025,1
No-Renovable,Residuos no renovables,false,0.009631140071682696,2688.25,2025-01-06T01:00:00.000+01:00,false,2025,1
No-Renovable,Residuos no renovables,false,0.008957934664871625,2792.25,2025-01-07T01:00:00.000+01:00,false,2025,1
No-Renovable,Residuos no renovables,false,0.010849177254991725,3419.15,2025-01-08T01:00:00.000+01:00,false,2025,1
No-Renovable,Residuos no renovables,false,0.012862655549815786,3791.45,2025-01-09T01:00:00.000+01:00,false,2025,1
No-Renovable,Residuos no renovables,false,0.012658792237070478,4010.0,2025-01-10T01:00:00.000+01:00,false,2025,1
No-Renovable,Residuos no renovables,false,0.01410368755563606,4209.7,2025-01-11T01:00:00.000+01:00,false,2025,1
No-Renovable,Residuos no renovables,false,0.013412260187859843,4111.85,2025-01-12T01:00:00.000+01:00,false,2025,1
No-Renovable,Residuos no renovables,false,0.011545534236778187,4186.4,2025-01-13T01:00:00.000+01:00,false,2025,1
No-Renovable,Residuos no renovables,false,0.009045783759055123,4065.4,2025-01-14T01:00:00.000+01:00,false,2025,1
No-Renovable,Residuos no renovables,false,0.009401499110075895,4143.8,2025-01-15T01:00:00.000+01:00,false,2025,1
No-Renovable,Residuos no renovables,false,0.009323358383923277,4031.85,2025-01-16T01:00:00.000+01:00,false,2025,1
No-Renovable,Residuos no renovables,false,0.009043367314560785,4064.9,2025-01-17T01:00:00.000+01:00,false,2025,1
No-Renovable,Residuos no renovables,false,0.009335642507084218,3840.4,2025-01-18T01:00:00.000+01:00,false,2025,1
No-Renovable,Residuos no renovables,false,0.009809225686157098,3714.35,2025-01-19T01:00:00.000+01:00,false,2025,1
No-Renovable,Residuos no renovables,false,0.006930267817330218,3628.05,2025-01-20T01:00:00.000+01:00,false,2025,1
No-Renovable,Residuos no renovables,false,0.008026415065451048,3731.45,2025-01-21T01:00:00.000+01:00,false,2025,1
No-Renovable,Residuos no renovables,false,0.009365825551475143,3590.45,2025-01-22T01:00:00.000+01:00,false,2025,1
No-Renovable,Residuos no renovables,false,0.009342685963515878,3682.25,2025-01-23T01:00:00.000+01:00,false,2025,1
No-Renovable,Residuos no renovables,false,0.009873497590012222,3016.25,2025-01-24T01:00:00.000+01:00,false,2025,1
No-Renovable,Residuos no renovables,false,0.008247767528154057,2263.3,2025-01-25T01:00:00.000+01:00,false,2025,1
No-Renovable,Residuos no renovables,false,0.01004180457735366,2600.3,2025-01-26T01:00:00.000+01:00,false,2025,1
No-Renovable,Residuos no renovables,false,0.010050396280627797,2584.7,2025-01-27T01:00:00.000+01:00,false,2025,1
No-Renovable,Residuos no renovables,false,0.009283717623575662,2306.45,2025-01-28T01:00:00.000+01:00,false,2025,1
No-Renovable,Residuos no renovables,false,0.008058007765075176,2320.25,2025-01-29T01:00:00.000+01:00,false,2025,1
No-Renovable,Residuos no renovables,false,0.007570681307622661,2148.75,2025-01-30T01:00:00.000+01:00,false,2025,1
No-Renovable,Residuos no renovables,false,0.009337073089083886,3024.85,2025-01-31T01:00:00.000+01:00,false,2025,1
No-Renovable,Generación no renovable,true,1.0,358783.10699999996,2025-01-01T01:00:00.000+01:00,false,2025,1
No-Renovable,Generación no renovable,true,1.0,382572.141,2025-01-02T01:00:00.000+01:00,false,2025,1
No-Renovable,Generación no renovable,true,1.0,327269.24799999996,2025-01-03T01:00:00.000+01:00,false,2025,1
No-Renovable,Generación no renovable,true,1.0,319376.435,2025-01-04T01:00:00.000+01:00,false,2025,1
No-Renovable,Generación no renovable,true,1.0,280574.39400000003,2025-01-05T01:00:00.000+01:00,false,2025,1
No-Renovable,Generación no renovable,true,1.0,279120.642,2025-01-06T01:00:00.000+01:00,false,2025,1
No-Renovable,Generación no renovable,true,1.0,311706.895,2025-01-07T01:00:00.000+01:00,false,2025,1
No-Renovable,Generación no renovable,true,1.0,315152.93000000005,2025-01-08T01:00:00.000+01:00,false,2025,1
No-Renovable,Generación no renovable,true,1.0,294764.17100000003,2025-01-09T01:00:00.000+01:00,false,2025,1
No-Renovable,Generación no renovable,true,1.0,316775.876,2025-01-10T01:00:00.000+01:00,false,2025,1
No-Renovable,Generación no renovable,true,1.0,298482.222,2025-01-11T01:00:00.000+01:00,false,2025,1
No-Renovable,Generación no renovable,true,1.0,306573.981,2025-01-12T01:00:00.000+01:00,false,2025,1
No-Renovable,Generación no renovable,true,1.0,362599.07200000004,2025-01-13T01:00:00.000+01:00,false,2025,1
No-Renovable,Generación no renovable,true,1.0,449424.84899999993,2025-01-14T01:00:00.000+01:00,false,2025,1
No-Renovable,Generación no renovable,true,1.0,440759.49499999994,2025-01-15T01:00:00.000+01:00,false,2025,1
No-Renovable,Generación no renovable,true,1.0,432446.10300000006,2025-01-16T01:00:00.000+01:00,false,2025,1
No-Renovable,Generación no renovable,true,1.0,449489.64900000003,2025-01-17T01:00:00.000+01:00,false,2025,1
No-Renovable,Generación no renovable,true,1.0,411369.651,2025-01-18T01:00:00.000+01:00,false,2025,1
No-Renovable,Generación no renovable,true,1.0,378658.83800000005,2025-01-19T01:00:00.000+01:00,false,2025,1
No-Renovable,Generación no renovable,true,1.0,523507.90699999995,2025-01-20T01:00:00.000+01:00,false,2025,1
No-Renovable,Generación no renovable,true,1.0,464896.217,2025-01-21T01:00:00.000+01:00,false,2025,1
No-Renovable,Generación no renovable,true,1.0,383356.489,2025-01-22T01:00:00.000+01:00,false,2025,1
No-Renovable,Generación no renovable,true,1.0,394131.83900000004,2025-01-23T01:00:00.000+01:00,false,2025,1
No-Renovable,Generación no renovable,true,1.0,305489.516,2025-01-24T01:00:00.000+01:00,false,2025,1
No-Renovable,Generación no renovable,true,1.0,274413.651,2025-01-25T01:00:00.000+01:00,false,2025,1
No-Renovable,Generación no renovable,true,1.0,258947.48100000003,2025-01-26T01:00:00.000+01:00,false,2025,1
No-Renovable,Generación no renovable,true,1.0,257173.93899999998,2025-01-27T01:00:00.000+01:00,false,2025,1
No-Renovable,Generación no renovable,true,1.0,248440.34399999998,2025-01-28T01:00:00.000+01:00,false,2025,1
No-Renovable,Generación no renovable,true,1.0,287943.381,2025-01-29T01:00:00.000+01:00,false,2025,1
No-Renovable,Generación no renovable,true,1.0,283825.18200000003,2025-01-30T01:00:00.000+01:00,false,2025,1
No-Renovable,Generación no renovable,true,1.0,323961.26399999997,2025-01-31T01:00:00.000+01:00,false,2025,1
Almacenamiento,Turbinación bombeo,false,0.17524828148343138,7589.6,2025-01-01T01:00:00.000+01:00,false,2025,1
Almacenamiento,Turbinación bombeo,false,0.4771088272985401,11392.5,2025-01-02T01:00:00.000+01:00,false,2025,1
Almacenamiento,Turbinación bombeo,false,0.28904682132764775,8540.9,2025-01-03T01:00:00.000+01:00,false,2025,1
Almacenamiento,Turbinación bombeo,false,0.7223475752641675,14950.5,2025-01-04T01:00:00.000+01:00,false,2025,1
Almacenamiento,Turbinación bombeo,false,0.09823577972647657,6806.6,2025-01-05T01:00:00.000+01:00,false,2025,1
Almacenamiento,Turbinación bombeo,false,0.21577336512205386,13077.7,2025-01-06T01:00:00.000+01:00,false,2025,1
Almacenamiento,Turbinación bombeo,false,0.32977026798755954,13275.1,2025-01-07T01:00:00.000+01:00,false,2025,1
Almacenamiento,Turbinación bombeo,false,0.41822981925047936,13718.9,2025-01-08T01:00:00.000+01:00,false,2025,1
Almacenamiento,Turbinación bombeo,false,0.3008794190063455,11157.0,2025-01-09T01:00:00.000+01:00,false,2025,1
Almacenamiento,Turbinación bombeo,false,0.674217434241529,16453.4,2025-01-10T01:00:00.000+01:00,false,2025,1
Almacenamiento,Turbinación bombeo,false,0.2570218982144959,7424.9,2025-01-11T01:00:00.000+01:00,false,2025,1
Almacenamiento,Turbinación bombeo,false,0.08344981276753059,4018.0,2025-01-12T01:00:00.000+01:00,false,2025,1
Almacenamiento,Turbinación bombeo,false,0.35261614569827054,8838.5,2025-01-13T01:00:00.000+01:00,false,2025,1
Almacenamiento,Turbinación bombeo,false,0.4443759884347075,9160.1,2025-01-14T01:00:00.000+01:00,false,2025,1
Almacenamiento,Turbinación bombeo,false,0.6628239789481274,9193.7,2025-01-15T01:00:00.000+01:00,false,2025,1
Almacenamiento,Turbinación bombeo,false,0.557133201705135,10468.7,2025-01-16T01:00:00.000+01:00,false,2025,1
Almacenamiento,Turbinación bombeo,false,0.673206046141607,12693.3,2025-01-17T01:00:00.000+01:00,false,2025,1
Almacenamiento,Turbinación bombeo,false,0.29906436217542537,5545.7,2025-01-18T01:00:00.000+01:00,false,2025,1
Almacenamiento,Turbinación bombeo,false,0.28317274766179246,5416.5,2025-01-19T01:00:00.000+01:00,false,2025,1
Almacenamiento,Turbinación bombeo,false,0.7104979827979181,17487.7,2025-01-20T01:00:00.000+01:00,false,2025,1
Almacenamiento,Turbinación bombeo,false,0.41207136464301347,6307.7,2025-01-21T01:00:00.000+01:00,false,2025,1
Almacenamiento,Turbinación bombeo,false,0.24342283156239675,4861.3,2025-01-22T01:00:00.000+01:00,false,2025,1
Almacenamiento,Turbinación bombeo,false,0.12232055942944553,2462.9,2025-01-23T01:00:00.000+01:00,false,2025,1
Almacenamiento,Turbinación bombeo,false,0.41950205711716937,12878.0,2025-01-24T01:00:00.000+01:00,false,2025,1
Almacenamiento,Turbinación bombeo,false,0.26256095335503393,12373.5,2025-01-25T01:00:00.000+01:00,false,2025,1
Almacenamiento,Turbinación bombeo,false,0.1777546437858,11423.1,2025-01-26T01:00:00.000+01:00,false,2025,1
Almacenamiento,Turbinación bombeo,false,0.16587634533040158,11466.7,2025-01-27T01:00:00.000+01:00,false,2025,1
Almacenamiento,Turbinación bombeo,false,0.16916026583626342,9674.8,2025-01-28T01:00:00.000+01:00,false,2025,1
Almacenamiento,Turbinación bombeo,false,0.42900468948590964,19577.2,2025-01-29T01:00:00.000+01:00,false,2025,1
Almacenamiento,Turbinación bombeo,false,0.15227776726889286,7567.2,2025-01-30T01:00:00.000+01:00,false,2025,1
Almacenamiento,Turbinación bombeo,false,0.2335130932149726,7928.4,2025-01-31T01:00:00.000+01:00,false,2025,1
Almacenamiento,Consumos bombeo,false,0.8247517185165687,-35718.1,2025-01-01T01:00:00.000+01:00,false,2025,1
Almacenamiento,Consumos bombeo,false,0.5228911727014599,-12485.7,2025-01-02T01:00:00.000+01:00,false,2025,1
Almacenamiento,Consumos bombeo,false,0.7109531786723522,-21007.6,2025-01-03T01:00:00.000+01:00,false,2025,1
Almacenamiento,Consumos bombeo,false,0.27765242473583257,-5746.6,2025-01-04T01:00:00.000+01:00,false,2025,1
Almacenamiento,Consumos bombeo,false,0.9017642202735233,-62481.8,2025-01-05T01:00:00.000+01:00,false,2025,1
Almacenamiento,Consumos bombeo,false,0.7842266348779462,-47530.8,2025-01-06T01:00:00.000+01:00,false,2025,1
Almacenamiento,Consumos bombeo,false,0.6702297320124405,-26980.5,2025-01-07T01:00:00.000+01:00,false,2025,1
Almacenamiento,Consumos bombeo,false,0.5817701807495206,-19083.4,2025-01-08T01:00:00.000+01:00,false,2025,1
Almacenamiento,Consumos bombeo,false,0.6991205809936544,-25924.3,2025-01-09T01:00:00.000+01:00,false,2025,1
Almacenamiento,Consumos bombeo,false,0.32578256575847103,-7950.3,2025-01-10T01:00:00.000+01:00,false,2025,1
Almacenamiento,Consumos bombeo,false,0.7429781017855042,-21463.3,2025-01-11T01:00:00.000+01:00,false,2025,1
Almacenamiento,Consumos bombeo,false,0.9165501872324694,-44130.7,2025-01-12T01:00:00.000+01:00,false,2025,1
Almacenamiento,Consumos bombeo,false,0.6473838543017295,-16227.0,2025-01-13T01:00:00.000+01:00,false,2025,1
Almacenamiento,Consumos bombeo,false,0.5556240115652924,-11453.3,2025-01-14T01:00:00.000+01:00,false,2025,1
Almacenamiento,Consumos bombeo,false,0.33717602105187267,-4676.8,2025-01-15T01:00:00.000+01:00,false,2025,1
Almacenamiento,Consumos bombeo,false,0.44286679829486486,-8321.6,2025-01-16T01:00:00.000+01:00,false,2025,1
Almacenamiento,Consumos bombeo,false,0.326793953858393,-6161.7,2025-01-17T01:00:00.000+01:00,false,2025,1
Almacenamiento,Consumos bombeo,false,0.7009356378245746,-12997.8,2025-01-18T01:00:00.000+01:00,false,2025,1
Almacenamiento,Consumos bombeo,false,0.7168272523382074,-13711.4,2025-01-19T01:00:00.000+01:00,false,2025,1
Almacenamiento,Consumos bombeo,false,0.2895020172020818,-7125.6,2025-01-20T01:00:00.000+01:00,false,2025,1
Almacenamiento,Consumos bombeo,false,0.5879286353569866,-8999.6,2025-01-21T01:00:00.000+01:00,false,2025,1
Almacenamiento,Consumos bombeo,false,0.7565771684376033,-15109.3,2025-01-22T01:00:00.000+01:00,false,2025,1
Almacenamiento,Consumos bombeo,false,0.8776794405705544,-17671.9,2025-01-23T01:00:00.000+01:00,false,2025,1
Almacenamiento,Consumos bombeo,false,0.5804979428828306,-17820.3,2025-01-24T01:00:00.000+01:00,false,2025,1
Almacenamiento,Consumos bombeo,false,0.7374390466449661,-34752.7,2025-01-25T01:00:00.000+01:00,false,2025,1
Almacenamiento,Consumos bombeo,false,0.8222453562142,-52840.2,2025-01-26T01:00:00.000+01:00,false,2025,1
Almacenamiento,Consumos bombeo,false,0.8341236546695985,-57661.3,2025-01-27T01:00:00.000+01:00,false,2025,1
Almacenamiento,Consumos bombeo,false,0.8308397341637365,-47518.3,2025-01-28T01:00:00.000+01:00,false,2025,1
Almacenamiento,Consumos bombeo,false,0.5709953105140904,-26056.8,2025-01-29T01:00:00.000+01:00,false,2025,1
Almacenamiento,Consumos bombeo,false,0.8477222327311071,-42126.2,2025-01-30T01:00:00.000+01:00,false,2025,1
Almacenamiento,Consumos bombeo,false,0.7664869067850274,-26024.3,2025-01-31T01:00:00.000+01:00,false,2025,1
Almacenamiento,Saldo almacenamiento,true,1.0,-28128.5,2025-01-01T01:00:00.000+01:00,false,2025,1
Almacenamiento,Saldo almacenamiento,true,1.0,-1093.2000000000007,2025-01-02T01:00:00.000+01:00,false,2025,1
Almacenamiento,Saldo almacenamiento,true,1.0,-12466.699999999999,2025-01-03T01:00:00.000+01:00,false,2025,1
Almacenamiento,Saldo almacenamiento,true,1.0,9203.9,2025-01-04T01:00:00.000+01:00,false,2025,1
Almacenamiento,Saldo almacenamiento,true,1.0,-55675.200000000004,2025-01-05T01:00:00.000+01:00,false,2025,1
Almacenamiento,Saldo almacenamiento,true,1.0,-34453.100000000006,2025-01-06T01:00:00.000+01:00,false,2025,1
Almacenamiento,Saldo almacenamiento,true,1.0,-13705.4,2025-01-07T01:00:00.000+01:00,false,2025,1
Almacenamiento,Saldo almacenamiento,true,1.0,-5364.500000000002,2025-01-08T01:00:00.000+01:00,false,2025,1
Almacenamiento,Saldo almacenamiento,true,1.0,-14767.3,2025-01-09T01:00:00.000+01:00,false,2025,1
Almacenamiento,Saldo almacenamiento,true,1.0,8503.100000000002,2025-01-10T01:00:00.000+01:00,false,2025,1
Almacenamiento,Saldo almacenamiento,true,1.0,-14038.4,2025-01-11T01:00:00.000+01:00,false,2025,1
Almacenamiento,Saldo almacenamiento,true,1.0,-40112.7,2025-01-12T01:00:00.000+01:00,false,2025,1
Almacenamiento,Saldo almacenamiento,true,1.0,-7388.5,2025-01-13T01:00:00.000+01:00,false,2025,1
Almacenamiento,Saldo almacenamiento,true,1.0,-2293.199999999999,2025-01-14T01:00:00.000+01:00,false,2025,1
Almacenamiento,Saldo almacenamiento,true,1.0,4516.900000000001,2025-01-15T01:00:00.000+01:00,false,2025,1
Almacenamiento,Saldo almacenamiento,true,1.0,2147.1000000000004,2025-01-16T01:00:00.000+01:00,false,2025,1
Almacenamiento,Saldo almacenamiento,true,1.0,6531.599999999999,2025-01-17T01:00:00.000+01:00,false,2025,1
Almacenamiento,Saldo almacenamiento,true,1.0,-7452.099999999999,2025-01-18T01:00:00.000+01:00,false,2025,1
Almacenamiento,Saldo almacenamiento,true,1.0,-8294.9,2025-01-19T01:00:00.000+01:00,false,2025,1
Almacenamiento,Saldo almacenamiento,true,1.0,10362.1,2025-01-20T01:00:00.000+01:00,false,2025,1
Almacenamiento,Saldo almacenamiento,true,1.0,-2691.9000000000005,2025-01-21T01:00:00.000+01:00,false,2025,1
Almacenamiento,Saldo almacenamiento,true,1.0,-10248.0,2025-01-22T01:00:00.000+01:00,false,2025,1
Almacenamiento,Saldo almacenamiento,true,1.0,-15209.000000000002,2025-01-23T01:00:00.000+01:00,false,2025,1
Almacenamiento,Saldo almacenamiento,true,1.0,-4942.299999999999,2025-01-24T01:00:00.000+01:00,false,2025,1
Almacenamiento,Saldo almacenamiento,true,1.0,-22379.199999999997,2025-01-25T01:00:00.000+01:00,false,2025,1
Almacenamiento,Saldo almacenamiento,true,1.0,-41417.1,2025-01-26T01:00:00.000+01:00,false,2025,1
Almacenamiento,Saldo almacenamiento,true,1.0,-46194.600000000006,2025-01-27T01:00:00.000+01:00,false,2025,1
Almacenamiento,Saldo almacenamiento,true,1.0,-37843.5,2025-01-28T01:00:00.000+01:00,false,2025,1
Almacenamiento,Saldo almacenamiento,true,1.0,-6479.5999999999985,2025-01-29T01:00:00.000+01:00,false,2025,1
Almacenamiento,Saldo almacenamiento,true,1.0,-34559.0,2025-01-30T01:00:00.000+01:00,false,2025,1
Almacenamiento,Saldo almacenamiento,true,1.0,-18095.9,2025-01-31T01:00:00.000+01:00,false,2025,1
Demanda,Saldo I. internacionales,false,7.098751365889693E-4,-452.3,2025-01-01T01:00:00.000+01:00,false,2025,1
Demanda,Saldo I. internacionales,false,0.022275198362730862,-16471.0,2025-01-02T01:00:00.000+01:00,false,2025,1
Demanda,Saldo I. internacionales,false,0.04049742893369786,-33149.0,2025-01-03T01:00:00.000+01:00,false,2025,1
Demanda,Saldo I. internacionales,false,0.08675527642634946,-69303.8,2025-01-04T01:00:00.000+01:00,false,2025,1
Demanda,Saldo I. internacionales,false,0.03566369922696549,-28136.3,2025-01-05T01:00:00.000+01:00,false,2025,1
Demanda,Saldo I. internacionales,false,0.08079906922380779,-64360.9,2025-01-06T01:00:00.000+01:00,false,2025,1
Demanda,Saldo I. internacionales,false,0.03914604085778405,-32873.2,2025-01-07T01:00:00.000+01:00,false,2025,1
Demanda,Saldo I. internacionales,false,0.05096049178348692,-44388.0,2025-01-08T01:00:00.000+01:00,false,2025,1
Demanda,Saldo I. internacionales,false,0.07277587163436595,-66911.2,2025-01-09T01:00:00.000+01:00,false,2025,1
Demanda,Saldo I. internacionales,false,0.07634641436846994,-67533.4,2025-01-10T01:00:00.000+01:00,false,2025,1
Demanda,Saldo I. internacionales,false,0.1188011695841985,-107260.5,2025-01-11T01:00:00.000+01:00,false,2025,1
Demanda,Saldo I. internacionales,false,0.1198259415763834,-109872.2,2025-01-12T01:00:00.000+01:00,false,2025,1
Demanda,Saldo I. internacionales,false,0.06330731503144767,-56264.5,2025-01-13T01:00:00.000+01:00,false,2025,1
Demanda,Saldo I. internacionales,false,0.02189408677463747,-18572.2,2025-01-14T01:00:00.000+01:00,false,2025,1
Demanda,Saldo I. internacionales,false,0.06925421798563297,-65808.7,2025-01-15T01:00:00.000+01:00,false,2025,1
Demanda,Saldo I. internacionales,false,0.06759738512402227,-64690.4,2025-01-16T01:00:00.000+01:00,false,2025,1
Demanda,Saldo I. internacionales,false,0.021504367850088475,-18284.8,2025-01-17T01:00:00.000+01:00,false,2025,1
Demanda,Saldo I. internacionales,false,0.016098224214042677,-12142.6,2025-01-18T01:00:00.000+01:00,false,2025,1
Demanda,Saldo I. internacionales,false,0.03680453981235753,-27628.4,2025-01-19T01:00:00.000+01:00,false,2025,1
Demanda,Saldo I. internacionales,false,0.025461295237665396,-21755.2,2025-01-20T01:00:00.000+01:00,false,2025,1
Demanda,Saldo I. internacionales,false,0.02445023264676561,-20973.1,2025-01-21T01:00:00.000+01:00,false,2025,1
Demanda,Saldo I. internacionales,false,0.035319247502695536,-30420.0,2025-01-22T01:00:00.000+01:00,false,2025,1
Demanda,Saldo I. internacionales,false,0.018499959468215397,14617.2,2025-01-23T01:00:00.000+01:00,false,2025,1
Demanda,Saldo I. internacionales,false,0.03997719430926662,30401.1,2025-01-24T01:00:00.000+01:00,false,2025,1
Demanda,Saldo I. internacionales,false,0.043405015869231275,-34187.4,2025-01-25T01:00:00.000+01:00,false,2025,1
Demanda,Saldo I. internacionales,false,0.040467340363749306,-31712.1,2025-01-26T01:00:00.000+01:00,false,2025,1
Demanda,Saldo I. internacionales,false,0.01712496965072117,-14765.7,2025-01-27T01:00:00.000+01:00,false,2025,1
Demanda,Saldo I. internacionales,false,0.016715726776581,-14591.1,2025-01-28T01:00:00.000+01:00,false,2025,1
Demanda,Saldo I. internacionales,false,0.00964790434357348,-7960.8,2025-01-29T01:00:00.000+01:00,false,2025,1
Demanda,Saldo I. internacionales,false,0.032136625207457345,-29076.4,2025-01-30T01:00:00.000+01:00,false,2025,1
Demanda,Saldo I. internacionales,false,0.0608156864623357,-55269.9,2025-01-31T01:00:00.000+01:00,false,2025,1
Demanda,Demanda en b.c.,true,1.0,579992.706,2025-01-01T01:00:00.000+01:00,false,2025,1
Demanda,Demanda en b.c.,true,1.0,704303.848,2025-01-02T01:00:00.000+01:00,false,2025,1
Demanda,Demanda en b.c.,true,1.0,727314.3910000001,2025-01-03T01:00:00.000+01:00,false,2025,1
Demanda,Demanda en b.c.,true,1.0,660234.878,2025-01-04T01:00:00.000+01:00,false,2025,1
Demanda,Demanda en b.c.,true,1.0,621310.863,2025-01-05T01:00:00.000+01:00,false,2025,1
Demanda,Demanda en b.c.,true,1.0,598926.968,2025-01-06T01:00:00.000+01:00,false,2025,1
Demanda,Demanda en b.c.,true,1.0,746600.775,2025-01-07T01:00:00.000+01:00,false,2025,1
Demanda,Demanda en b.c.,true,1.0,771522.701,2025-01-08T01:00:00.000+01:00,false,2025,1
Demanda,Demanda en b.c.,true,1.0,756057.615,2025-01-09T01:00:00.000+01:00,false,2025,1
Demanda,Demanda en b.c.,true,1.0,749498.6449999999,2025-01-10T01:00:00.000+01:00,false,2025,1
Demanda,Demanda en b.c.,true,1.0,660259.473,2025-01-11T01:00:00.000+01:00,false,2025,1
Demanda,Demanda en b.c.,true,1.0,616961.8640000001,2025-01-12T01:00:00.000+01:00,false,2025,1
Demanda,Demanda en b.c.,true,1.0,761445.955,2025-01-13T01:00:00.000+01:00,false,2025,1
Demanda,Demanda en b.c.,true,1.0,806543.9050000001,2025-01-14T01:00:00.000+01:00,false,2025,1
Demanda,Demanda en b.c.,true,1.0,818630.8580000001,2025-01-15T01:00:00.000+01:00,false,2025,1
Demanda,Demanda en b.c.,true,1.0,827614.798,2025-01-16T01:00:00.000+01:00,false,2025,1
Demanda,Demanda en b.c.,true,1.0,813713.4739999999,2025-01-17T01:00:00.000+01:00,false,2025,1
Demanda,Demanda en b.c.,true,1.0,715092.5530000001,2025-01-18T01:00:00.000+01:00,false,2025,1
Demanda,Demanda en b.c.,true,1.0,678832.532,2025-01-19T01:00:00.000+01:00,false,2025,1
Demanda,Demanda en b.c.,true,1.0,810931.599,2025-01-20T01:00:00.000+01:00,false,2025,1
Demanda,Demanda en b.c.,true,1.0,810457.339,2025-01-21T01:00:00.000+01:00,false,2025,1
Demanda,Demanda en b.c.,true,1.0,779950.753,2025-01-22T01:00:00.000+01:00,false,2025,1
Demanda,Demanda en b.c.,true,1.0,759702.6499999999,2025-01-23T01:00:00.000+01:00,false,2025,1
Demanda,Demanda en b.c.,true,1.0,750576.4709999999,2025-01-24T01:00:00.000+01:00,false,2025,1
Demanda,Demanda en b.c.,true,1.0,674503.881,2025-01-25T01:00:00.000+01:00,false,2025,1
Demanda,Demanda en b.c.,true,1.0,637388.356,2025-01-26T01:00:00.000+01:00,false,2025,1
Demanda,Demanda en b.c.,true,1.0,740311.5850000001,2025-01-27T01:00:00.000+01:00,false,2025,1
Demanda,Demanda en b.c.,true,1.0,768027.336,2025-01-28T01:00:00.000+01:00,false,2025,1
Demanda,Demanda en b.c.,true,1.0,796251.759,2025-01-29T01:00:00.000+01:00,false,2025,1
Demanda,Demanda en b.c.,true,1.0,777503.731,2025-01-30T01:00:00.000+01:00,false,2025,1
Demanda,Demanda en b.c.,true,1.0,762078.3339999999,2025-01-31T01:00:00.000+01:00,false,2025,1
